journal_id,journal_name,issn,e_issn,publisher,subject_area,citescore,sjr,snip,status,missing_metrics
c53a9e3e-8437-4b24-a5db-69701b20707c,JOURNAL OF THE FACULTY OF AGRICULTURE KYUSHU UNIVERSITY,0023-6152,,"Kyushu University, Faculty of Science",,0.6,0.138,0.207,inactive,none (historical data populated)
ca8a9e0c-a62d-4fd6-9c03-2561d8363eb3,WATER QUALITY RESEARCH JOURNAL OF CANADA,1201-3080,1201-3080,IWA Publishing,,1.7,0.339,,inactive,snip
0999af25-4605-4a7c-b969-d9e6d4f11c07,ADVANCES IN EXPERIMENTAL SOCIAL PSYCHOLOGY,0065-2601,1557-8410,Elsevier,Social Psychology,9.1,,,inactive,"sjr, snip"
4a43aca4-71e9-4bbe-b4e5-f78ae94c009f,ADVANCES IN ECOLOGICAL RESEARCH,0065-2504,2163-582X,Elsevier,"Ecology, Evolution, Behavior and Systematics",7.0,,,inactive,"sjr, snip"
9f50de5e-5474-4a2a-9fa0-5e66a1cedffe,PSYCHOANALYSIS AND HISTORY,1460-8235,1755-201X,Edinburgh University Press,,0.6,0.129,0.0,inactive,none (historical data populated)
f543f7eb-43ee-420c-9455-53d930d00502,ADVANCES IN POLYMER SCIENCE,0065-3195,1436-5030,Springer Nature,General Chemical Engineering,2.0,,,inactive,"sjr, snip"
cf70f5f4-73c6-4315-b5fd-09184d2fe47c,JAMA FACIAL PLASTIC SURGERY,2168-6076,2168-6092,American Medical Association,,4.1,0.815,,inactive,snip
b4569cb1-2be8-45dc-a664-21dca7988e3a,JOURNAL OF RADIATION RESEARCH AND APPLIED SCIENCES,1687-8507,1687-8507,ELSEVIER,,,,,inactive,"citescore, sjr, snip"
c1881b7c-ed79-4105-b85e-a31bab098352,CRYPTOLOGIA,0161-1194,1558-1586,Routledge,,0.5,0.106,1.066,inactive,none (historical data populated)
e906a834-76ad-467c-b24d-7466e4a5db65,ADVANCES IN AGRONOMY,0065-2113,2213-6789,Elsevier,Agronomy and Crop Science,16.4,,,inactive,"sjr, snip"
29ca6dae-34b5-4ac8-bda3-05cfe82a3ce2,JOURNAL OF THE AMERICAN POMOLOGICAL SOCIETY,1527-3741,1527-3741,American Pomological Society,,1.7,0.149,0.638,inactive,none (historical data populated)
2cdf75a0-861d-4b43-9eb1-01843c1a3cd0,JUSTICE SYSTEM JOURNAL,0098-261X,2327-7556,Taylor and Francis Ltd.,,0.9,0.254,0.869,inactive,none (historical data populated)
300c321e-5c33-4016-9947-4aadd427dc85,QUANTUM ELECTRONICS,1063-7818,1468-4799,Turpion Ltd,,3.0,0.27,1.008,inactive,none (historical data populated)
268032e5-16ed-4b6a-9fbb-f0ff611c301a,EUROPEAN UROLOGY ONCOLOGY,,2588-9311,Elsevier,Surgery,10.7,3.01,0.367,inactive,none (historical data populated)
89995ab8-2922-42f1-bd23-2553a79d1580,EXERCISE IMMUNOLOGY REVIEW,1077-5552,1077-5552,Association for the Advancement of Sports Medicine,Immunology,7.0,1.22,3.83,inactive,none (historical data populated)
1f7ff56d-3201-4b31-b051-375679db10a0,BRAZILIAN JOURNAL OF OCEANOGRAPHY,1679-8759,1982-436X,University of Sao Paolo,,2.3,0.289,,inactive,snip
1fa2c2e1-2478-4ee7-b73c-6eb0930a52d3,INTERNATIONAL JOURNAL OF IMPLANT DENTISTRY,,2198-4034,SPRINGER JAPAN KK,,,,,inactive,"citescore, sjr, snip"
20963017-2ad6-4098-bc31-a7afe75ea016,OPTICAL AND QUANTUM ELECTRONICS,0306-8919,1572-817X,Springer,,4.6,0.467,0.873,inactive,none (historical data populated)
3dc86f67-636b-4a99-ab75-75b607040700,RADIOLOGE,0033-832X,1432-2102,Springer Medizin,,1.1,0.183,,inactive,snip
ab8d185d-b402-4d24-a10d-5e9d6c9f2a2b,INTERNATIONAL JOURNAL OF COGNITIVE THERAPY,1937-1209,1937-1217,Springer Science and Business Media Deutschland GmbH,,4.0,0.907,,inactive,snip
3f7386ca-c826-41dd-a43a-419210561597,JOKULL,0449-0576,0449-0576,Joklarannsoknafelag Islands/Glaciological and Geological Societies of Iceland,,1.6,0.224,0.368,inactive,none (historical data populated)
4bb87048-9e67-4d41-80ec-abdea5a2e32f,JOURNAL OF COASTAL RESEARCH,0749-0208,1551-5036,Coastal Education Research Foundation Inc.,,1.8,0.275,0.687,inactive,none (historical data populated)
4c9c73a6-e929-4764-a6bd-b1a7de604e5d,JOURNAL OF MATHEMATICAL NEUROSCIENCE,2190-8567,2190-8567,Springer Science and Business Media Deutschland GmbH,,5.2,0.474,1.497,inactive,none (historical data populated)
65d2f72e-b9a2-45d6-abb9-231338e18b95,JOURNAL OF MARINE RESEARCH,0022-2402,1543-9542,Yale University,,2.2,0.188,0.417,inactive,none (historical data populated)
e889d9fd-ef9e-4d79-b945-bd77591e3e32,SWISS JOURNAL OF PSYCHOLOGY,1421-0185,1662-0879,Hogrefe Verlag GmbH & Co. KG,,1.5,0.267,,inactive,snip
eb8e9d6d-cf21-4178-a3f2-82d662070d4a,INTERNATIONAL JOURNAL OF POWDER METALLURGY,0888-7462,0888-7462,American Powder Metallurgy Institute,,1.1,0.108,0.112,inactive,none (historical data populated)
ff5a044a-a989-4de5-96b5-240d3ad4b444,REVISTA MEXICANA DE PSICOLOGIA,0185-6073,,Sociedad Mexicana de Psicologia,,0.8,0.117,0.289,inactive,none (historical data populated)
fc8eda13-8c47-41cc-9240-936f32c01019,JOURNAL OF CONTEMPORARY CHINA,1067-0564,1469-9400,Taylor & Francis,Political Science and International Relations,6.5,1.114,4.634,inactive,none (historical data populated)
7b3d8a27-823c-4a7a-af20-feaf4ee1de89,ADVANCES IN CARBOHYDRATE CHEMISTRY AND BIOCHEMISTRY,0065-2318,2162-5530,Academic Press Inc.,Biochemistry,1.7,,,inactive,"sjr, snip"
f4dfaf87-5687-4e78-bc6b-cdcfed42c441,JOURNAL OF THE AMERICAN COLLEGE OF NUTRITION,0731-5724,1541-1087,Taylor and Francis Ltd.,,8.2,0.621,,inactive,snip
c9a02b55-c4fc-4b6a-8d6f-b0be1d173376,JOURNAL OF NANOELECTRONICS AND OPTOELECTRONICS,1555-130X,1555-1318,American Scientific Publishers,,1.2,0.171,0.238,inactive,none (historical data populated)
fe02609c-2349-473b-a237-5d63a4a67b58,NATURAL LANGUAGE ENGINEERING,1351-3249,1469-8110,Cambridge University Press,,5.9,0.639,,inactive,snip
549045a1-66d1-4ff5-9c7b-6553fd220481,JOURNAL OF HISTORICAL SOCIOLOGY,0952-1909,1467-6443,Wiley-Blackwell Publishing Ltd,,1.0,0.198,,inactive,snip
525646ce-1c97-4758-8aa4-b6a941be1e03,JOURNAL OF AQUATIC PLANT MANAGEMENT,0146-6623,0146-6623,"Aquatic Plant Management Society, Inc.",,0.5,0.189,1.521,inactive,none (historical data populated)
5a47dcbf-b1df-49e1-9c75-bc3faedc52dd,BEHAVIORAL PSYCHOLOGY-PSICOLOGIA CONDUCTUAL,1132-9483,1132-9483,Fundacion VECA,,1.7,0.333,0.922,inactive,none (historical data populated)
51ca782f-b9a5-49ae-ba9c-80cc4c64d8b6,AMERICAN JOURNAL OF PHYSIOLOGY-RENAL PHYSIOLOGY,1931-857X,1522-1466,American Physiological Society,Urology,5.8,,,inactive,"sjr, snip"
7396e4c4-2992-4565-8357-28e2854ea034,VETERINARIA MEXICO,0301-5092,2448-6760,"Facultad de Medicina Veterinaria y Zootecnia, Universidad Nacional Autonoma de Mexico",,,,,inactive,"citescore, sjr, snip"
8b7a1160-3f71-425c-908c-d7a915a1ab75,ADVANCES IN QUANTUM CHEMISTRY,0065-3276,2162-8815,Academic Press Inc.,Physical and Theoretical Chemistry,1.5,,,inactive,"sjr, snip"
5557619e-3be3-436b-993e-3d0e91902dad,NEPHROLOGY NURSING JOURNAL,1526-744X,2163-5390,Anthony J. Jannetti Inc.,Advanced and Specialized Nursing,0.8,0.227,0.545,inactive,none (historical data populated)
fd3158e0-bbf4-4c45-b3e3-d9969eed97c2,JOURNAL OF PROFESSIONAL ISSUES IN ENGINEERING EDUCATION AND PRACTICE,1052-3928,1943-5541,American Society of Civil Engineers (ASCE),,3.1,0.449,,inactive,snip
ac953e02-6a27-4b5d-8182-ab92e58c1e06,DISSENT,0012-3846,1946-0910,Foundation for the Study of Independent Social Ideas,Social Sciences (miscellaneous),0.6,0.138,0.0,inactive,none (historical data populated)
3b91c1ff-65b8-4027-a181-115150a75fb0,PEDIATRIC ENDOCRINOLOGY REVIEWS PER,1565-4753,1565-4753,YS Medical Media Ltd.,,2.3,0.438,0.0,inactive,none (historical data populated)
62602c5c-59b4-477d-a82f-20b647f4d8fd,JOURNAL OF GEOMETRIC MECHANICS,1941-4889,1941-4897,American Institute of Mathematical Sciences,,2.7,0.219,0.942,inactive,none (historical data populated)
08869f79-a4e0-4f96-a759-364effed7d99,INTERNATIONAL REVIEW OF RESEARCH IN DEVELOPMENTAL DISABILITIES,2211-6095,,Elsevier,Developmental and Educational Psychology,2.2,,,inactive,"sjr, snip"
39f89a82-c75e-4c4c-a38d-b1635f239c98,STRUCTURE AND BONDING,0081-5993,1616-8550,Springer Verlag,Spectroscopy,0.2,,,inactive,"sjr, snip"
41aa5665-4d26-4d58-895a-19fa30d9140b,INTERNATIONAL REVIEW OF CELL AND MOLECULAR BIOLOGY,1937-6448,,Elsevier,Biochemistry,4.9,,,inactive,"sjr, snip"
1a1267f3-8573-4216-90b3-5b49eafc7f4b,MINERVA GASTROENTEROLOGY,2724-5985,2724-5365,Edizioni Minerva Medica,,2.8,0.336,0.293,inactive,none (historical data populated)
86c072f9-8691-4716-b722-b229a122358f,CLINICAL MASS SPECTROMETRY,2376-9998,2213-8005,Elsevier B.V.,,1.7,0.473,,inactive,snip
887013e9-1e89-4689-8dea-5c8adbce9e43,PANMINERVA MEDICA,0031-0808,1827-1898,Edizioni Minerva Medica,,5.7,0.5,0.585,inactive,none (historical data populated)
5284ccbc-a0b2-448e-b07e-c2c85a66e02c,BEHAVIOUR CHANGE,0813-4839,2049-7768,Cambridge University Press,,3.7,1.006,1.681,inactive,none (historical data populated)
868f1990-4725-47e2-a99a-66e284b98ab4,ANAESTHESIST,0003-2417,1432-055X,Springer Medizin,,1.6,0.25,,inactive,snip
83bedc25-fe56-4e19-89a5-39a8a103e162,JOURNAL OF NEW MATERIALS FOR ELECTROCHEMICAL SYSTEMS,1480-2422,2292-1168,International Information and Engineering Technology Association,,2.5,0.28,0.184,inactive,none (historical data populated)
9685e7a1-d668-4b05-a589-2b02e2b88753,PHYSICS WORLD,0953-8585,0953-8585,IOP Publishing Ltd.,General Physics and Astronomy,0.1,0.101,0.0,inactive,none (historical data populated)
ab9d2856-5392-44ab-8790-db254fe1fc74,INTERNATIONAL RELATIONS,0047-1178,1741-2862,SAGE,Political Science and International Relations,4.4,0.945,5.29,inactive,none (historical data populated)
21a4e7f9-6a8c-48f2-979b-91064f56350e,TOPICS IN ORGANOMETALLIC CHEMISTRY,1436-6002,1616-8534,Springer Verlag,Inorganic Chemistry,1.1,,,inactive,"sjr, snip"
c7fa6c19-8f3e-4e44-85af-36a33fc6ec41,ADVANCES IN ANATOMY EMBRYOLOGY AND CELL BIOLOGY,0301-5556,2192-7065,Springer Science and Business Media Deutschland GmbH,Anatomy,1.0,0.115,2.496,inactive,none (historical data populated)
64c64ae8-b0c3-4afa-819d-5997b3e55a43,IEEE MICROWAVE AND WIRELESS COMPONENTS LETTERS,1531-1309,1558-1764,Institute of Electrical and Electronics Engineers Inc.,,5.4,0.77,,inactive,snip
71a4df2a-ac7e-42e3-8e66-fbdf3c8db318,BMC MOLECULAR BIOLOGY,1471-2199,1471-2199,BioMed Central Ltd,,4.8,0.895,1.214,inactive,none (historical data populated)
731dd4f2-a619-4345-9783-4af111d0f400,FUNGAL DIVERSITY,1560-2745,1878-9129,Springer Nature,,46.0,6.487,7.749,inactive,none (historical data populated)
73f21df4-f681-49e2-a3f9-b6765c4da5e2,JOURNAL OF ENVIRONMENTAL AND PUBLIC HEALTH,1687-9805,1687-9813,John Wiley and Sons Ltd,,4.3,0.598,0.951,inactive,none (historical data populated)
c8e6a400-2528-4dd7-9fe5-e61c3575be09,FRONTIERS OF CHEMICAL SCIENCE AND ENGINEERING,2095-0179,2095-0187,Higher Education Press Limited Company,,7.9,0.715,0.711,inactive,none (historical data populated)
08f68f13-fe1a-4701-9b21-3a00d172d679,EVIDENCE-BASED COMPLEMENTARY AND ALTERNATIVE MEDICINE,1741-427X,1741-4288,Hindawi Limited,,3.5,0.469,0.996,inactive,none (historical data populated)
e92d74df-5749-471a-ae33-4e21df3d382a,ADVANCES IN PHYSICAL ORGANIC CHEMISTRY,0065-3160,2162-5921,Academic Press Inc.,Physical and Theoretical Chemistry,0.6,,,inactive,"sjr, snip"
09967946-2974-4cdb-93c0-c8ce113751be,SPE DRILLING & COMPLETION,1064-6671,1930-0204,Society of Petroleum Engineers (SPE),,4.2,0.513,0.89,inactive,none (historical data populated)
0d049d55-9033-4589-9910-86ae97e4231f,EUROPEAN REVIEW FOR MEDICAL AND PHARMACOLOGICAL SCIENCES,1128-3602,1128-3602,Verduci Editore s.r.l,,5.3,0.58,0.83,inactive,none (historical data populated)
27250a1f-8192-4891-841a-9f0fdb0e37c6,IEEE CANADIAN JOURNAL OF ELECTRICAL AND COMPUTER ENGINEERING,0840-8688,0840-8688,IEEE Canada,,4.8,0.528,1.046,inactive,none (historical data populated)
293a5629-0d4e-45e1-9040-4eb0f27e063b,MATERIALS EXPRESS,2158-5849,2158-5857,American Scientific Publishers,,2.0,0.158,0.173,inactive,none (historical data populated)
31813ebf-89cd-4408-b767-a69284b3329c,FUTURE OF CHILDREN,1054-8289,1550-1558,Princeton University,,3.3,0.161,0.456,inactive,none (historical data populated)
32a54e6c-dcba-4e96-9521-83e9fe4cc001,EXPERT OPINION ON ORPHAN DRUGS,2167-8707,2167-8707,Taylor and Francis Ltd.,,2.3,0.392,0.935,inactive,none (historical data populated)
32af299e-1a64-49af-8a94-8e2a10dad675,NETHERLANDS JOURNAL OF MEDICINE,0300-2977,1872-9061,Van Zuiden Communications BV,,1.8,0.421,0.673,inactive,none (historical data populated)
41f6e8bb-f696-485b-a2cc-41b88fd6ef79,WORLD JOURNAL OF CLINICAL CASES,2307-8960,2307-8960,Baishideng Publishing Group Inc,,1.2,0.38,0.895,inactive,none (historical data populated)
422048de-c7e3-46be-98bd-35a51483b684,FORKTAIL,0950-1746,0950-1746,Oriental Bird Club,,0.0,0.175,0.46,inactive,none (historical data populated)
4221ae77-5f59-4c64-84dc-1285f9dac0c7,ZHURNAL OBSHCHEI BIOLOGII,0044-4596,,Maik Nauka Publishing / Springer SBM,,1.0,0.125,0.761,inactive,none (historical data populated)
42eb5380-cc99-4eb3-967e-227e5c3781a3,DIABETES EDUCATOR,0145-7217,1554-6063,SAGE Publications Inc.,,4.0,0.829,,inactive,snip
43b18658-0177-4ffb-82fd-14727cde8e22,ORTHOPADE,0085-4530,1433-0431,Springer Medizin,,1.4,0.292,,inactive,snip
549cb0c4-f663-4665-934e-381d919bd3f2,REVISTA DE NEUROLOGIA,0210-0010,1576-6578,IMR Press Limited,,1.8,0.304,0.5,inactive,none (historical data populated)
7d06fbcc-c520-4310-92ee-9f03f5515dcd,KINDHEIT UND ENTWICKLUNG,0942-5403,2190-6246,Hogrefe Verlag GmbH & Co. KG,,2.5,0.252,0.704,inactive,none (historical data populated)
80128489-42dd-4e32-90b5-af0f7db563cb,PETROPHYSICS,1529-9074,1529-9074,Society of Well Log Analystists Inc.,,2.3,0.292,0.931,inactive,none (historical data populated)
cc6df86e-32f9-4716-9281-1ab49d217c10,REVISTA DE PSICOLOGIA DEL DEPORTE,1132-239X,1988-5636,Sociedad Revista de Psicologia del Deporte,,1.5,0.197,0.217,inactive,none (historical data populated)
d81f19f8-ab43-468e-9fba-06d3f4eadbbf,ORIGINS OF LIFE AND EVOLUTION OF BIOSPHERES,0169-6149,1573-0875,Springer Science and Business Media B.V.,,3.2,0.368,,inactive,snip
de962189-efad-47a2-a773-5469bd404e02,EPE JOURNAL,0939-8368,2376-9319,European Power Electronics and Drives Association,,2.2,0.178,1.243,inactive,none (historical data populated)
df29bb5b-a776-4224-a2d4-985cdcf7db05,HARVARD BUSINESS REVIEW,0017-8012,0017-8012,Harvard Business School Publishing,Economics and Econometrics,1.7,0.356,3.109,inactive,none (historical data populated)
66173ebf-7ccc-4ba3-9cc8-4fe4c6beeb19,ANNALS OF TRANSLATIONAL MEDICINE,2305-5839,2305-5847,AME Publishing Company,,2.2,1.089,2.035,inactive,none (historical data populated)
74c3c9bb-dc45-4166-8a46-d6add8cfbcfc,AXIOMS,,2075-1680,Multidisciplinary Digital Publishing Institute (MDPI),,2.2,0.388,1.19,inactive,none (historical data populated)
74e2344d-e0ec-4e17-a73a-cbd0b462689e,EVIDENCE-BASED MENTAL HEALTH,1362-0347,1468-960X,BMJ Publishing Group,,18.1,4.969,,inactive,snip
2ff7ed9a-ff7a-46e7-a6e2-827e5fd344fb,JOURNAL OF FAMILY PRACTICE,0094-3509,,Frontline Medical Communications Inc.,,0.7,0.157,0.061,inactive,none (historical data populated)
abc77120-437e-47bb-99d7-4cb94294c456,TOBACCO REGULATORY SCIENCE,2333-9748,2333-9748,Tobacco Regulatory Science Group,,,,0.717,inactive,"citescore, sjr"
defb033e-d800-479c-8a33-35a1d5146f08,EDUCATIONAL LEADERSHIP,0013-1784,1943-5878,Association for Supervision and Curriculum Development,,0.5,0.103,0.038,inactive,none (historical data populated)
0313a276-d46c-4c8c-842b-0c9b9daf2353,IEEE-ACM TRANSACTIONS ON NETWORKING,1063-6692,1558-2566,Institute of Electrical and Electronics Engineers Inc.,,7.4,1.394,,inactive,snip
001132e9-54c8-42a5-9788-b995da3681ec,MYCOTAXON,0093-4666,0093-4666,Mycotaxon Ltd,,1.2,0.205,0.285,inactive,none (historical data populated)
00180193-fbf5-4c26-b7ed-de390b3c9dd7,JOURNAL OF CONCHOLOGY,0022-0019,,Conchological Society of Great Britain and Ireland,,1.2,0.191,0.406,inactive,none (historical data populated)
01d457ed-678e-4786-8c42-1751f7b55590,INDIAN JOURNAL OF CHEMISTRY SECTION A-INORGANIC BIO-INORGANIC PHYSICAL THEORETICAL & ANALYTICAL CHEMISTRY,0376-4710,0975-0975,Scientific Publishers of India,,1.2,0.221,0.071,inactive,none (historical data populated)
410d1e75-d633-4b0b-b92b-d7f699927e9b,JOURNAL OF FAMILY HISTORY,0363-1990,1552-5473,SAGE Publications Inc.,Arts and Humanities (miscellaneous),1.0,0.162,0.333,inactive,none (historical data populated)
a20869a6-509e-4613-9e05-a9b98305e610,SCIENCE AND TECHNOLOGY OF ENERGETIC MATERIALS,1347-9466,,Japan Explosives Society,,1.0,0.15,0.433,inactive,none (historical data populated)
d85fe437-8043-4afd-8ef9-a45dd8697774,AMERICAN ECONOMIC REVIEW-INSIGHTS,2640-205X,2640-2068,AMER ECONOMIC ASSOC,,,,,inactive,"citescore, sjr, snip"
eee98c8f-5ea6-43a3-824b-2989bdcb65b0,CONDOR,0010-5422,1938-5129,University of California Press,,6.3,1.026,1.673,inactive,none (historical data populated)
f1824e5c-c10b-48b2-9898-1c6ec14e67d2,CASE STUDIES IN THERMAL ENGINEERING,2214-157X,2214-157X,Elsevier Ltd,,10.0,1.081,1.51,inactive,none (historical data populated)
f242bae1-900b-4ded-a461-929a8c56e46a,ALEXANDRIA ENGINEERING JOURNAL,1110-0168,2090-2670,Elsevier B.V.,,12.9,1.073,1.903,inactive,none (historical data populated)
a352261a-0c5f-4c5a-a584-716637de4a68,PROGRESS IN OPTICS,0079-6638,,Elsevier,Surfaces and Interfaces,4.0,,,inactive,"sjr, snip"
fdc8d9b1-c958-4a55-88bd-606c53988cd8,FRONTIERS OF MEDICINE,2095-0217,2095-0225,Higher Education Press Limited Company,,8.2,1.284,0.926,inactive,none (historical data populated)
3830bd31-b551-40af-9135-ed0e35252fdb,PROCEEDINGS OF THE LINNEAN SOCIETY OF NEW SOUTH WALES,0370-047X,,Linnean Society of New South Wales,,,0.124,0.0,inactive,citescore
385bce72-af73-4515-b3dc-f72d10af72a7,JOURNAL OF BIOLOGICAL REGULATORS AND HOMEOSTATIC AGENTS,0393-974X,1724-6083,Biolife Publisher,,1.1,0.193,0.072,inactive,none (historical data populated)
3a4154f1-75d1-48e4-8873-0051842a73b1,RUSSIAN JOURNAL OF DEVELOPMENTAL BIOLOGY,1062-3604,1608-3326,Pleiades Publishing,,0.6,0.115,0.818,inactive,none (historical data populated)
3f6b4a18-b393-46bb-8834-ea6bcd98b0da,DENVER LAW REVIEW,2469-6463,2469-6463,Denver University Law Review,,1.0,0.187,0.462,inactive,none (historical data populated)
3f943509-b0fb-46b2-a8b9-034ab2b5e188,CHINESE JOURNAL OF STRUCTURAL CHEMISTRY,0254-5861,0254-5861,Fujian Institute of Research of the Structure of Matter,,4.7,1.158,0.807,inactive,none (historical data populated)
4b897a57-d48a-4ffc-95cd-a8be7e260837,INDIAN JOURNAL OF CHEMISTRY SECTION B-ORGANIC CHEMISTRY INCLUDING MEDICINAL CHEMISTRY,0376-4699,0019-5103,Scientific Publishers,,0.9,0.145,0.277,inactive,none (historical data populated)
57ec3f6f-04c5-4759-8308-1686e3d8c5ae,APPLIED BIONICS AND BIOMECHANICS,1176-2322,1754-2103,John Wiley and Sons Ltd,,2.0,0.356,0.974,inactive,none (historical data populated)
5e52e992-a9df-42df-9b14-2ca6ce478cf7,INDIAN JOURNAL OF GEO-MARINE SCIENCES,0379-5136,0975-1033,National Institute of Science Communication and Information Resources (NISCAIR),,,,,inactive,"citescore, sjr, snip"
6012c7e8-2c84-4485-a1e7-01123c936942,JOURNAL OF SYSTEMS ENGINEERING AND ELECTRONICS,1004-4132,1004-4132,"SYSTEMS ENGINEERING & ELECTRONICS, EDITORIAL DEPT",,,,,inactive,"citescore, sjr, snip"
6415f393-be01-4c8b-b946-88d68b2b7864,FEMALE PELVIC MEDICINE AND RECONSTRUCTIVE SURGERY,2151-8378,2154-4212,Lippincott Williams and Wilkins Ltd.,,2.1,0.65,,inactive,snip
65dc7f16-f72b-4ff0-987a-bd1f05bae645,CHINESE JOURNAL OF PHYSIOLOGY,0304-4920,2666-0059,Wolters Kluwer Medknow Publications,,2.3,0.365,,inactive,snip
65f06cb1-1ded-4b44-a0a7-edd3568e819d,DEVELOPMENT GENES AND EVOLUTION,0949-944X,1432-041X,Springer Science and Business Media Deutschland GmbH,,2.5,0.36,,inactive,snip
a80de008-3f24-46c9-b44e-17e3304cc2ff,MINERVA MEDICA,0026-4806,1827-1669,Edizioni Minerva Medica,,6.1,0.502,0.556,inactive,none (historical data populated)
702ab8b3-6922-43e4-82f5-797cce24a388,JOURNAL OF EAST EUROPEAN MANAGEMENT STUDIES,0949-6181,1862-0019,Nomos Verlagsgesellschaft mbH und Co KG,,1.1,0.187,0.241,inactive,none (historical data populated)
732d33fc-bf3e-4c02-ad9c-9ec6a00dc7e9,JOURNAL OF EVOLUTIONARY BIOCHEMISTRY AND PHYSIOLOGY,0022-0930,1608-3202,Maik Nauka Publishing / Springer SBM,,0.4,0.151,0.145,inactive,none (historical data populated)
a2308b71-6c6e-4610-8fe9-6d3544bf870d,BIOCONTROL SCIENCE,1342-4815,1884-0205,Society for Antibacterial and Antifungal Agents Japan,,2.6,0.245,0.683,inactive,none (historical data populated)
a31d8aeb-d8e5-482e-8aaa-784544d7ecd1,FRESENIUS ENVIRONMENTAL BULLETIN,1018-4619,1610-2304,Parlar Scientific Publications,,0.7,0.182,0.209,inactive,none (historical data populated)
a5a1ba39-dd30-415a-98d3-be011c3baf65,JOURNAL OF PEDIATRIC ONCOLOGY NURSING,1043-4542,1532-8457,SAGE Publications Inc.,,3.1,0.616,,inactive,snip
aa272da2-3e14-41f0-9255-9c188adce053,JOURNAL OF PETROLEUM SCIENCE AND ENGINEERING,0920-4105,1873-4715,Elsevier B.V.,,11.3,1.192,,inactive,snip
ac6b0958-1fdb-4aba-8f13-1c04b3993642,STUDIES IN HISTORY AND PHILOSOPHY OF SCIENCE PART C-STUDIES IN HISTORY AND PHILOSOPHY OF BIOLOGICAL AND BIOMEDICAL SCIENC,1369-8486,1879-2499,Elsevier Ltd,,1.6,0.472,1.483,inactive,none (historical data populated)
a950c580-f4c7-4891-8c5e-fa3572f8f525,NAVAL ENGINEERS JOURNAL,0028-1425,1559-3584,John Wiley and Sons Ltd,,,0.149,0.467,inactive,citescore
aa4a891e-170e-4b10-adbb-eacfd351c82a,ZEMDIRBYSTE-AGRICULTURE,1392-3196,1392-3196,Lithuanian Research Centre for Agriculture and Forestry; Vytautas Magnus University,,2.0,0.225,0.634,inactive,none (historical data populated)
bac955eb-0052-4ac1-9c69-75256bf9c2d4,GENETICS RESEARCH,0016-6723,1469-5073,John Wiley and Sons Inc,,0.1,0.265,1.057,inactive,none (historical data populated)
bb11a8b7-d689-428f-8114-e4475706d974,HEART SURGERY FORUM,1098-3511,1522-6662,Forum Multimedia Publishing LLC,,1.1,0.238,0.255,inactive,none (historical data populated)
bcb9333d-fb3f-442f-b84f-4383bcaf884f,ZEITSCHRIFT FUR SPORTPSYCHOLOGIE,1612-5010,2190-6300,Hogrefe Publishing,,1.0,0.187,0.474,inactive,none (historical data populated)
bcf7c8c3-cb4c-47f9-9618-ffe299b4aaef,NEUROCHEMICAL JOURNAL,1819-7124,1819-7132,Maik Nauka-Interperiodica Publishing,,0.5,0.169,0.169,inactive,none (historical data populated)
be9568de-96c7-4345-9b2f-3aaae80cbd02,LC GC NORTH AMERICA,1527-5949,1939-1889,UBM Medica Healthcare Publications,,1.2,0.145,0.17,inactive,none (historical data populated)
c0838984-745a-44b7-a91d-0e9a10c11b8c,PATHOLOGE,0172-8113,1432-1963,Springer Medizin,,1.5,0.257,,inactive,snip
f18b5ffe-54bc-4ff1-bbbc-a0b5350e4363,NEW REPUBLIC,0028-6583,,New Republic,,0.2,0.101,,inactive,snip
f2e6972f-09fe-42c9-a2aa-57b44e183ad7,BULLETIN OF THE GEOLOGICAL SOCIETY OF DENMARK,2245-7070,2245-7070,GEOLOGICAL SOC DENMARK,,,,,inactive,"citescore, sjr, snip"
f470a570-cfb5-4ecb-9095-c1b90e4ea9e4,ASIAN-AUSTRALASIAN JOURNAL OF ANIMAL SCIENCES,1011-2367,1976-5517,Asian-Australasian Association of Animal Production Societies,,3.6,0.751,,inactive,snip
e395ccc1-e033-491a-b503-91b85e597506,CANADIAN MINERALOGIST,0008-4476,1499-1276,Mineralogical Association of Canada,,2.2,0.47,,inactive,snip
e62af8b3-690f-4da5-a491-13a0c798fbe8,SUGAR INDUSTRY-ZUCKERINDUSTRIE,0344-8657,,Verlag Dr. Albert Bartens KG,,0.4,0.159,0.379,inactive,none (historical data populated)
f0f5205a-03d2-4a97-bf47-a19932d071ff,DIABETOLOGE,1860-9716,1860-9724,Springer Medizin,,0.4,0.113,,inactive,snip
fc45538e-d203-431d-af64-ee3aab7dd0ce,IMPLANT DENTISTRY,1056-6163,1056-6163,Lippincott Williams and Wilkins,,4.0,0.922,1.815,inactive,none (historical data populated)
fd0c2c47-4df9-4e7f-b4ec-3c869514d947,AUSTRALIAN AND NEW ZEALAND JOURNAL OF CRIMINOLOGY,0004-8658,1837-9273,SAGE Publications Ltd,,2.7,0.627,,inactive,snip
ffceb03c-9b75-4e47-b43c-088023e14e17,FRONTIERS IN LIFE SCIENCE,2155-3769,2155-3777,Taylor and Francis Ltd.,,5.5,0.285,,inactive,snip
fe2749e0-0e05-4f92-baf7-d788eeacfa10,HOUILLE BLANCHE-REVUE INTERNATIONALE DE L EAU,0018-6368,1958-5551,Taylor and Francis Ltd.,,0.4,0.145,,inactive,snip
fedf1a67-8850-43e3-9aba-74dd78416fd8,HAUTARZT,0017-8470,1432-1173,Springer Medizin,,1.4,0.213,,inactive,snip
d7f876f6-1435-4026-8a49-fe2a68b120a9,OCEANOGRAPHY AND MARINE BIOLOGY,0078-3218,,Taylor and Francis Ltd.,Oceanography,1.3,,,inactive,"sjr, snip"
ad98e9f8-cc62-4d12-a464-c1ced5afe63a,ENTOMOLOGICA AMERICANA,1947-5136,1947-5144,New York Entomological Society,,0.4,0.106,0.0,inactive,none (historical data populated)
adee0333-b414-4d57-a394-a8d9f8039355,ARCHIVES OF CLINICAL PSYCHIATRY,0101-6083,1806-938X,Universidade de Sao Paulo. Museu de Zoologia,,0.5,0.167,0.062,inactive,none (historical data populated)
b0523ae3-948a-4766-b9e3-acfdbb3917e8,EXPERIMENTAL AND THERAPEUTIC MEDICINE,1792-0981,1792-1015,Spandidos Publications,,1.9,0.508,0.959,inactive,none (historical data populated)
b2364dd3-0cf9-4628-a26d-2701e4390566,HERZOGIA,0018-0971,,BLAM E V,,,,,inactive,"citescore, sjr, snip"
b521eea0-fc01-48d6-8835-cddc7e21f41b,LIBRARY JOURNAL,0363-0277,,Reed Business Information (Cahners),,0.4,0.125,0.0,inactive,none (historical data populated)
b8d6889f-9ba9-4c11-9e85-162f84d9ba0a,EMAGRES,2055-6101,2055-6101,John Wiley and Sons Inc,,2.4,0.106,0.604,inactive,none (historical data populated)
b9152669-ab83-425f-bfac-ebf143019937,CONTRIBUTIONS TO NEPHROLOGY,0302-5144,1662-2782,S. Karger AG,,3.3,0.589,0.85,inactive,none (historical data populated)
b9d08c44-2af1-4b8d-b2f2-cd50b0443852,PLANTA DANINHA,0100-8358,1806-9681,Sociedade Brasileira da Ciencia das Plantas Daninhas,,1.7,0.252,,inactive,snip
593c6403-21a3-4007-92b1-6dff1e646cf9,TOPICS IN CURRENT CHEMISTRY,2365-0869,2364-8961,Springer Science and Business Media Deutschland GmbH,General Chemistry,0.4,,,inactive,"sjr, snip"
f21b3e1f-75c1-4e99-b768-df9641cd47e2,INTERNATIONAL JOURNAL OF MORPHOLOGY,0717-9502,0717-9367,Universidad de la Frontera,,0.9,0.228,0.451,inactive,none (historical data populated)
c19462df-6a73-4d65-9c0e-b776ebf4ea80,INDIAN JOURNAL OF EXPERIMENTAL BIOLOGY,0019-5189,0975-1009,National Institute of Science Communication and Policy Research,,3.0,0.227,0.735,inactive,none (historical data populated)
c1dd3251-f3f9-4827-822f-8fce13bdb680,REVISTA INTERNACIONAL DE MEDICINA Y CIENCIAS DE LA ACTIVIDAD FISICA Y DEL DEPORTE,1577-0354,1577-0354,Universidad Autonoma de Madrid y CV Ciencias del Deporte,,0.7,0.2,0.146,inactive,none (historical data populated)
c940f48f-dd15-43b5-b039-fe14913dc5a5,SCIENCE OF ADVANCED MATERIALS,1947-2935,1947-2943,American Scientific Publishers,,2.9,0.207,0.21,inactive,none (historical data populated)
4cdb34b7-1126-4920-87d4-09bcc9db0c77,JOURNAL OF WATER CHEMISTRY AND TECHNOLOGY,1063-455X,1934-936X,Allerton Press Inc.,General Chemistry,0.1,,,inactive,"sjr, snip"
64d1860b-cc84-46e5-b1f3-71e036540c85,ADVANCES IN MICROBIAL PHYSIOLOGY,0065-2911,2162-5468,Elsevier,Physiology,6.5,,,inactive,"sjr, snip"
6f605119-377b-4875-b8d8-cecf1ea0e3d2,NANOETHICS,1871-4757,1871-4765,Springer Science and Business Media Deutschland GmbH,,2.7,0.404,1.256,inactive,none (historical data populated)
6fb779ba-b08c-41bf-ac89-4185b31102ee,MINERVA PEDIATRICS,2724-5276,2724-5780,Edizioni Minerva Medica,,2.5,0.332,0.478,inactive,none (historical data populated)
dbd1df6c-4b6c-49d6-a9d3-d11788a24691,PSYCHOTHERAPEUT,0935-6185,1432-2080,Springer Medizin,,0.9,0.204,,inactive,snip
ddc9572a-48f2-4c1c-8317-9270f13ffa10,CHIRURG,0009-4722,1433-0385,Springer Medizin,,1.1,0.203,,inactive,snip
a0e6a2ca-2efd-4952-9ba7-ddd1ae448d43,FOOD SCIENCE AND TECHNOLOGY,0101-2061,1678-457X,"Sociedade Brasileira de Ciencia e Tecnologia de Alimentos, SBCTA",,3.0,0.435,0.714,inactive,none (historical data populated)
a230fd06-916d-4409-9ce9-d0362deaa89d,HARVARD EDUCATIONAL REVIEW,0017-8055,1943-5045,Harvard University,,8.6,1.517,0.957,inactive,none (historical data populated)
a64860db-db81-4c68-ae8d-5df97c1922e8,ACS COMBINATORIAL SCIENCE,2156-8952,2156-8944,American Chemical Society,,7.5,0.833,1.094,inactive,none (historical data populated)
aa805a8d-70ad-4a27-ab33-8f4b5c483ca7,TOPICS IN APPLIED PHYSICS,0303-4216,1437-0859,Springer Verlag,Physics and Astronomy (miscellaneous),1.3,,,inactive,"sjr, snip"
bf86be46-0655-44cc-ab1f-d67906f3a432,PROFESIONAL DE LA INFORMACION,1386-6710,1699-2407,El Profesional de la Informacion,,5.0,0.719,1.205,inactive,none (historical data populated)
bfda7376-f17c-4798-986c-5c1c2db7a20b,JOURNAL OF ONCOLOGY PRACTICE,1554-7477,1935-469X,American Society of Clinical Oncology,,4.6,1.555,,inactive,snip
19cfd2b9-0c6c-49ab-96fe-5dec25406a71,CAHIERS DE BIOLOGIE MARINE,0007-9723,2262-3094,Station Biologique de Roscoff,,1.7,0.119,0.104,inactive,none (historical data populated)
c8f8efad-13bd-4c33-9554-b93d1a6eb340,JOURNAL OF ABNORMAL PSYCHOLOGY,0021-843X,1939-1846,American Psychological Association,,11.3,2.044,2.002,inactive,none (historical data populated)
c92d039b-1081-4823-b3d6-cbebfaa5f4a8,IBM JOURNAL OF RESEARCH AND DEVELOPMENT,0018-8646,2151-8556,IBM Corporation,,6.0,0.262,0.714,inactive,none (historical data populated)
034d8e77-1f0f-4446-9764-dd5c4635400a,FOOD TECHNOLOGY,0015-6639,0015-6639,Institute of Food Technologists,,0.7,0.105,0.0,inactive,none (historical data populated)
08c0f717-3e62-4703-9cbf-e8c61b6d6718,PHARMACOGNOSY MAGAZINE,0973-1296,0976-4062,Wolters Kluwer Medknow Publications,,2.1,0.345,0.689,inactive,none (historical data populated)
096bcd04-dd75-4075-82a2-bd8dc18dcdaf,SPE RESERVOIR EVALUATION & ENGINEERING,1094-6470,1930-0212,Society of Petroleum Engineers (SPE),,5.3,0.725,0.885,inactive,none (historical data populated)
0a631d77-42d9-41a2-b9fa-438ff4774aec,AI COMMUNICATIONS,0921-7126,1875-8452,SAGE Publications Ltd,,3.1,0.372,,inactive,snip
0e7a08cb-a7e0-402f-8a62-81d35e3dd65f,MINERVA CHIRURGICA,0026-4733,1827-1626,Edizioni Minerva Medica S.p.A.,,1.4,0.225,,inactive,snip
1054e434-0b58-4adc-b4a8-ecbacd0bfd0d,PCI JOURNAL,0887-9672,0887-9672,Precast/Prestressed Concrete Institute,,1.5,0.359,1.282,inactive,none (historical data populated)
116144d8-39d8-4e85-a30e-59071ed0b5d9,JOURNAL OF RESEARCH OF THE NATIONAL INSTITUTE OF STANDARDS AND TECHNOLOGY,1044-677X,2165-7254,National Institute of Standards and Technology,,2.9,0.239,0.948,inactive,none (historical data populated)
125376e9-5fe1-4808-98c5-7e1771dbd907,PHYTON-ANNALES REI BOTANICAE,0079-2047,,Verlag Ferdinand Berger und Sohne GmbH,,0.8,0.137,0.393,inactive,none (historical data populated)
13a1f99b-cf14-4abc-a247-760cf38c37c9,REVISTA BRASILEIRA DE MEDICINA DO ESPORTE,1517-8692,1806-9940,Redprint Editora Ltda,,0.8,0.177,0.245,inactive,none (historical data populated)
13e77365-aac1-4ad6-aafb-97bdb6764cab,CONCEPTS IN MAGNETIC RESONANCE PART B-MAGNETIC RESONANCE ENGINEERING,1552-5031,1552-504X,John Wiley and Sons Inc,,2.6,0.275,0.287,inactive,none (historical data populated)
148a0f07-bb99-476f-974f-50876a0ac6aa,REVISTA BRASILEIRA DE ANESTESIOLOGIA,0034-7094,1806-907X,Elsevier Editora Ltda,,,,0.846,inactive,"citescore, sjr"
166b822b-d754-408e-827e-321e99f9036a,CHEMOSENSORY PERCEPTION,1936-5802,1936-5810,Springer New York,,2.5,0.324,1.067,inactive,none (historical data populated)
1a02f426-4fca-4d00-a2a8-b5268e273232,TRACE ELEMENTS AND ELECTROLYTES,0946-2104,0946-2104,Dustri-Verlag Dr. Karl Feistle,,0.8,0.101,0.0,inactive,none (historical data populated)
1b225408-a373-4822-bd5e-2bec00c893d5,INTERNATIONAL JOURNAL OF HEALTH SERVICES,0020-7314,1541-4469,SAGE Publications Inc.,,4.5,0.997,,inactive,snip
1ed6b554-19d3-44aa-9de9-b61c7666ac11,INDIAN JOURNAL OF BIOTECHNOLOGY,0972-5849,0975-0967,National Institute of Science Communication and Policy Research,,0.8,0.124,0.161,inactive,none (historical data populated)
240b2f91-6ab6-4203-be2f-32758b89145d,JOURNAL OF BIOBASED MATERIALS AND BIOENERGY,1556-6560,1556-6579,American Scientific Publishers,,1.4,0.136,0.245,inactive,none (historical data populated)
266b89ba-5b1a-4951-99ea-95f06e8ca269,NAUPLIUS,0104-6497,2358-2936,SOC BRASILEIRA CARCINOLOGIA,,,,,inactive,"citescore, sjr, snip"
7510ab52-098e-42ea-ad82-8003229b004c,BMC FAMILY PRACTICE,,1471-2296,BioMed Central Ltd,,3.2,0.836,,inactive,snip
7563966a-f32d-4bfd-b302-dd7433c00473,CURRENT EPIDEMIOLOGY REPORTS,,2196-2995,SPRINGER HEIDELBERG,,,,,inactive,"citescore, sjr, snip"
75eadaa0-2fed-499f-ae68-a2c4bb35f1c6,ACTA METALLURGICA SINICA-ENGLISH LETTERS,1006-7191,2194-1289,Springer Nature,,6.3,0.812,0.985,inactive,none (historical data populated)
764b5872-95cb-4127-a0d9-060e07d35c33,REVISTA DE PSIQUIATRIA Y SALUD MENTAL,1888-9891,1989-4600,"Ediciones Doyma, S.L.",,7.4,0.887,,inactive,snip
77042eb3-0b1b-4e40-bb2a-29bf513cd7b5,CANCER & METABOLISM,,2049-3002,BMC,,,,,inactive,"citescore, sjr, snip"
476a3310-f165-4700-a812-dec08e173511,CHEMICAL ENGINEERING PROGRESS,0360-7275,1945-0710,American Institute of Chemical Engineers,,1.0,0.147,1.193,inactive,none (historical data populated)
4dde65e0-9d2b-4e28-a29e-4a18b9a586cc,JOURNAL OF THE COPYRIGHT SOCIETY OF THE USA,0886-3520,,Copyright Society of the U.S.A.,,0.1,0.138,0.012,inactive,none (historical data populated)
50238da0-5b67-468b-9d54-be40dc76012f,OPHTHALMOLOGE,0941-293X,1433-0423,Springer Medizin,,3.3,0.134,,inactive,snip
754f9bbf-0591-41b3-8d28-a95b356dd06e,NURSING ECONOMICS,0746-1739,,Anthony J. Jannetti Inc.,,1.7,0.383,0.58,inactive,none (historical data populated)
7aaff0d7-8b14-4ac2-ad28-89ed5bcf9987,LC GC EUROPE,1471-6577,1471-6577,Advanstar Communications Inc.,,1.0,0.181,0.121,inactive,none (historical data populated)
5c30c38b-39b0-4a1f-959d-d7b13407e932,MECHANISMS OF DEVELOPMENT,0925-4773,1872-6356,John Wiley & Sons Inc.,,3.6,0.89,,inactive,snip
5d40d282-e830-4902-9af9-b5be18da5f01,ENDOCRINOLOGIA DIABETES Y NUTRICION,2530-0180,2530-0180,ELSEVIER,,,,,inactive,"citescore, sjr, snip"
66fbd973-c51c-4d41-b87d-abc2e4d1c8b9,PHYSIOLOGICAL AND BIOCHEMICAL ZOOLOGY,1522-2152,1537-5293,University of Chicago Press,,3.2,0.6,,inactive,snip
69a539d4-c6b2-401d-b5f0-05b366084b5d,JOURNAL OF PRIMARY PREVENTION,0278-095X,1573-6547,Springer,,2.8,0.525,,inactive,snip
839ca475-7f76-4ca1-abed-2f78db886a66,ZEITSCHRIFTE FUR FAMILIENFORSCHUNG-JOURNAL OF FAMILY RESEARCH,1437-2940,2196-2154,Verlag Barbara Budrich,,0.5,0.134,,inactive,snip
a79f3398-09fa-46e7-9449-4f2585a761a7,EARTH MOON AND PLANETS,0167-9295,1573-0794,Springer Science and Business Media B.V.,,1.6,0.186,,inactive,snip
dff5bc9a-a40e-4dfd-86ba-0c4b6d0f793b,MINERVA BIOTECNOLOGICA,1120-4826,1827-160X,Edizioni Minerva Medica S.p.A.,,2.0,0.191,,inactive,snip
dffc58cb-028c-41e2-ad1f-2fb1c7557a41,PHYTOPROTECTION,0031-9511,1710-1603,"Phytoprotection, IRDA",,,0.128,0.143,inactive,citescore
e19b6180-1ab1-4408-b1eb-a8895a12037b,HETEROCYCLES,0385-5414,1881-0942,Japan Institute of Heterocyclic Chemistry,,1.5,0.139,0.251,inactive,none (historical data populated)
e320e0a4-f0db-4745-a3f5-ea355fc83c8a,IRANIAN RED CRESCENT MEDICAL JOURNAL,2074-1804,2074-1812,ZamenPub,,1.8,0.28,0.0,inactive,none (historical data populated)
ee467ab9-ebbf-4764-9a19-8001ff1941bd,INDIAN JOURNAL OF PHARMACEUTICAL SCIENCES,0250-474X,1998-3743,Indian Pharmaceutical Association,,1.1,0.193,0.154,inactive,none (historical data populated)
ef888e4a-8152-4601-8961-fcd99f79153a,JOURNAL OF THE ROYAL ARMY MEDICAL CORPS,0035-8665,2052-0468,BMJ Publishing Group,,1.5,0.217,,inactive,snip
f6c6b439-6a06-4c74-aa49-1509d9a019c4,ELECTROCHEMISTRY,1344-3542,2186-2451,ELECTROCHEMICAL SOC JAPAN,,,,,inactive,"citescore, sjr, snip"
f7466876-e079-4e12-826d-ddd9748120cb,ATLANTIC GEOLOGY,0843-5561,1718-7885,Atlantic Geoscience Society,,2.1,0.53,,inactive,snip
f7a03d98-b1b9-4d47-bf50-7b2f42f03aa8,PACIFIC JOURNAL OF OPTIMIZATION,1348-9151,1348-9151,Yokohama Publications,,,0.566,1.152,inactive,citescore
f7ced82b-21b5-4689-ae6c-3b46d4a24e64,JOURNAL OF MICRO-NANOLITHOGRAPHY MEMS AND MOEMS,1932-5150,1932-5134,SPIE,,3.4,0.393,2.534,inactive,none (historical data populated)
fb88cbf2-5172-4484-aa60-f67fb76cd593,INTERACTIVE CARDIOVASCULAR AND THORACIC SURGERY,1569-9293,1569-9285,Oxford University Press,,3.3,0.535,,inactive,snip
ec277e2f-0daf-4b85-bf8d-aa82a4ceb23c,VETERINARY RESEARCH,0928-4249,1297-9716,Springer Nature,General Veterinary,5.1,0.943,2.174,inactive,none (historical data populated)
07e6c78a-5324-4bed-a94f-7eb8bcc78015,CURRENT TOPICS IN MICROBIOLOGY AND IMMUNOLOGY,0070-217X,2196-9965,Springer Nature,Microbiology (medical),6.7,,,inactive,"sjr, snip"
344e49a1-eaed-41e6-abf7-bcbf4c152731,CHINA JOURNAL,1324-9347,1835-8535,University of Chicago Press,Sociology and Political Science,6.4,1.736,3.586,inactive,none (historical data populated)
84f86bd5-2e0b-4e99-aa13-3a2f441e27a4,PHILOSOPHY & PUBLIC AFFAIRS,0048-3915,1088-4963,John Wiley & Sons,History and Philosophy of Science,4.2,2.204,3.315,inactive,none (historical data populated)
27797715-efe8-442a-8891-9b164192981d,CULTURAL GEOGRAPHIES,1474-4740,1477-0881,SAGE,Cultural Studies,3.1,0.805,1.714,inactive,none (historical data populated)
12fe4827-6fdf-4f21-8c1c-283c9ce936c1,IEEE SPECTRUM,0018-9235,1939-9340,IEEE,Electrical and Electronic Engineering,2.5,0.278,14.145,inactive,none (historical data populated)
895e65a3-23b5-475c-81e9-ef10f4791d4f,PRESSE MEDICALE,0755-4982,2213-0276,Elsevier Masson s.r.l.,,1.6,1.259,3.099,inactive,none (historical data populated)
971c260c-c331-44f5-b312-f5f6cad27da1,ADVANCES IN BIOCHEMICAL ENGINEERING-BIOTECHNOLOGY,0724-6145,1616-8542,Springer Nature,Biotechnology,5.0,,,inactive,"sjr, snip"
ac9d25b2-2ea5-41e4-87eb-c9e67e1accf2,METHODS IN MICROBIOLOGY,0580-9517,,Elsevier,Microbiology (medical),2.6,,,inactive,"sjr, snip"
e867acd8-39ef-4586-bc12-cc58fe52a839,SOLID STATE PHYSICS,0081-1947,,Academic Press Inc.,Physics and Astronomy (miscellaneous),1.2,,,inactive,"sjr, snip"
2f5b3fae-051b-4f05-93b0-ac24bc3c449b,LECTURE NOTES IN MATHEMATICS,0075-8434,1617-9692,Springer Science and Business Media Deutschland GmbH,Algebra and Number Theory,0.5,,,inactive,"sjr, snip"
68232e30-6077-43ff-9e34-21ab86c8f977,NEW SCIENTIST,0262-4079,,Reed Business Information Ltd,,0.2,0.104,0.085,inactive,none (historical data populated)
b09c87d2-ef12-4636-beca-dae5a224bb74,NEBRASKA SYMPOSIUM ON MOTIVATION,0146-7875,,University of Nebraska Press,Social Psychology,1.3,,,inactive,"sjr, snip"
03a65c2c-f644-4982-94d4-5e4201f7f666,FRONTIERS OF MECHANICAL ENGINEERING,2095-0233,2095-0241,Higher Education Press Limited Company,,9.7,0.865,1.446,inactive,none (historical data populated)
067f0891-22e6-4e75-80ba-2dfa9a34270d,FRONTIERS-A JOURNAL OF WOMEN STUDIES,0160-9009,1536-0334,University of Nebraska Press,,0.3,0.148,1.551,inactive,none (historical data populated)
054815c9-ef29-4071-9c42-f05485e089bb,BANGLADESH JOURNAL OF PLANT TAXONOMY,1028-2092,2224-7297,Bangladesh Association of Plant Taxonomists (BAPT),,0.5,0.121,0.792,inactive,none (historical data populated)
0f8e2ce2-5faa-4660-9018-6029514f0c98,JOURNAL OF NANOMATERIALS,1687-4110,1687-4129,John Wiley and Sons Ltd,,6.1,0.594,1.346,inactive,none (historical data populated)
105c1ec8-e41e-48e1-83c5-01a3df69d9dd,NETHERLANDS QUARTERLY OF HUMAN RIGHTS,0924-0519,2214-7357,South African Water Research Commission,,,,,inactive,"citescore, sjr, snip"
105fca86-f42d-4906-a633-6d163ccefb8e,ALCOHOL RESEARCH-CURRENT REVIEWS,1535-7414,1930-0573,National Institute on Alcohol Abuse and Alcoholism (NIAAA),,,,,inactive,"citescore, sjr, snip"
1097eaab-5295-4bd4-a287-2d0b102769ca,SCIENTIST,0890-3670,1547-0806,Scientist Inc.,,0.1,0.103,0.176,inactive,none (historical data populated)
11a551be-f051-4009-ae90-95ec8394e20c,ANNALES DE LIMNOLOGIE-INTERNATIONAL JOURNAL OF LIMNOLOGY,0003-4088,2100-000X,EDP Sciences,,2.1,0.28,,inactive,snip
1a545199-b82b-4440-aed0-3bb1e66fbf2d,NJAS-WAGENINGEN JOURNAL OF LIFE SCIENCES,1573-5214,2212-1307,Taylor and Francis Ltd.,,13.4,0.706,1.635,inactive,none (historical data populated)
1c11ef9d-0f52-4502-b187-dcb15f85a172,JOURNAL OF NATURAL GAS SCIENCE AND ENGINEERING,1875-5100,2212-3865,Elsevier B.V.,,8.9,1.116,,inactive,snip
1f1f8d7e-7615-42ac-91f8-900cc7a89431,OIL & GAS SCIENCE AND TECHNOLOGY-REVUE D IFP ENERGIES NOUVELLES,1294-4475,1953-8189,Editions Technip,,2.7,0.514,,inactive,snip
1f6607fc-300e-4dd5-9b40-199baacfffda,WOOD AND FIBER SCIENCE,0735-6161,0735-6161,Society of Wood Science and Technology,,7.5,0.133,0.0,inactive,none (historical data populated)
21853e2d-cb9f-462d-9a55-5d48890b7d82,SCIENTIFIC PROGRAMMING,1058-9244,1875-919X,John Wiley and Sons Inc,,1.7,0.303,0.744,inactive,none (historical data populated)
2420e684-3eaf-4abf-8253-057943e968fc,ELECTRONIC RESEARCH ANNOUNCEMENTS IN MATHEMATICAL SCIENCES,,1935-9179,American Mathematical Society,,0.9,0.13,,inactive,snip
2453ab9c-f473-490e-92bd-53ccd2c2350b,EMPIRICAL STUDIES OF THE ARTS,0276-2374,1541-4493,SAGE Publications Inc.,,4.4,0.643,1.7,inactive,none (historical data populated)
247775f5-b318-4925-9ca7-9313a69ee200,REVIEWS OF PHYSIOLOGY BIOCHEMISTRY AND PHARMACOLOGY,0303-4240,,Springer Science and Business Media Deutschland GmbH,,11.4,1.618,1.87,inactive,none (historical data populated)
256c4f00-8fb9-4168-b97b-d9b6654358fc,INTERNATIONAL JOURNAL OF NONLINEAR SCIENCES AND NUMERICAL SIMULATION,1565-1339,2191-0294,Walter de Gruyter GmbH,,3.7,0.338,0.7,inactive,none (historical data populated)
257842e2-5146-443a-92c8-b103a7357513,BIOLOGY OF BLOOD AND MARROW TRANSPLANTATION,1083-8791,1523-6536,Elsevier Inc.,,6.6,1.397,,inactive,snip
280d6795-0028-49ff-8106-e2a8989ef0ab,AMERICAN JOURNAL OF PHYSICAL ANTHROPOLOGY,0002-9483,1096-8644,John Wiley and Sons Inc,,4.8,0.651,,inactive,snip
281c5827-ff2e-442a-9c59-ced5671b2e11,WAVES IN RANDOM AND COMPLEX MEDIA,1745-5030,1745-5049,Taylor and Francis Ltd.,,6.4,0.483,1.025,inactive,none (historical data populated)
3c13f97b-de69-4eac-b985-870590ef258b,ADVANCES IN LIFE COURSE RESEARCH,1040-2608,1040-2608,ELSEVIER SCI LTD,,,,,inactive,"citescore, sjr, snip"
0126191b-27d8-4009-9e90-13494ceb7614,WORLD JOURNAL OF DIABETES,,1948-9358,BAISHIDENG PUBLISHING GROUP INC,,,,,inactive,"citescore, sjr, snip"
02305c53-cf85-4af0-ab0e-79f7edde3429,JOURNAL OF ENERGY RESOURCES TECHNOLOGY-TRANSACTIONS OF THE ASME,0195-0738,1528-8994,American Society of Mechanical Engineers (ASME),,7.5,0.464,0.904,inactive,none (historical data populated)
029582e5-6539-47ac-bad3-0ce3a4f86cd5,DRUGS OF TODAY,1699-3993,1699-4019,Clarivate,,4.6,0.632,0.794,inactive,none (historical data populated)
02db07e0-10c5-4965-b2f3-de7edbae8de9,SUBSTANCE ABUSE,0889-7077,1547-0164,SAGE Publications Ltd,,5.9,1.282,,inactive,snip
02e8f161-0187-46a3-95bb-a850afae199f,ANNALS OF PALLIATIVE MEDICINE,2224-5820,2224-5839,AME Publishing Company,,2.0,0.375,1.153,inactive,none (historical data populated)
1347f9e6-7323-4db8-9bb1-5fa8698a1b85,JOURNAL OF ALTERNATIVE AND COMPLEMENTARY MEDICINE,1075-5535,1557-7708,Mary Ann Liebert Inc.,,4.0,0.498,,inactive,snip
13b19052-8652-43f8-a34d-51f6ed6afa8d,MONTHLY LABOR REVIEW,0098-1818,1937-4658,US Bureau of Labor Statistics,,1.8,0.323,0.839,inactive,none (historical data populated)
1405e5d1-2422-4e0b-adb2-d53c312ddde2,POPULATION,0032-4663,1957-7966,INST NATL D ETUDES DEMOGRAPHIQUES,,,,,inactive,"citescore, sjr, snip"
1542d95d-4705-4ec1-9373-b9061bf8b6c8,WORLD JOURNAL OF PSYCHIATRY,2220-3206,2220-3206,BAISHIDENG PUBLISHING GROUP INC,,,,,inactive,"citescore, sjr, snip"
15775f70-d43d-4d47-a674-446b61f3b796,ICHTHYOLOGICAL EXPLORATION OF FRESHWATERS,0936-9902,,Pfeil Verlag,,3.1,0.2,0.759,inactive,none (historical data populated)
4b462dcc-524c-4f80-a64f-ff3c095c808f,ELIFE,2050-084X,2050-084X,eLife Sciences Publications Ltd,,12.9,3.395,2.363,inactive,none (historical data populated)
1314c742-24dd-41d7-ae02-47864a8166f5,AUSTRIAN JOURNAL OF FOREST SCIENCE,0379-5292,0375-524X,OSTERREICHISCHER AGRARVERLAG,,,,,inactive,"citescore, sjr, snip"
28ce427b-b800-4af7-9462-73b0e812a6df,ALCOHOLISM-CLINICAL AND EXPERIMENTAL RESEARCH,0145-6008,1530-0277,John Wiley and Sons Inc,,5.9,1.076,,inactive,snip
298ba625-ab32-4f86-92f0-651a24914fa0,BIOTECHNOLOGY FOR BIOFUELS,,1754-6834,BioMed Central Ltd,,15.7,1.113,,inactive,snip
2b7e693a-4d71-473a-a819-5c0993431a2c,PEDIATRIC DENTISTRY,0164-1263,1942-5473,American Academy of Pediatric Dentistry,,1.9,0.331,1.781,inactive,none (historical data populated)
2c71c3d7-1cb3-4ad6-bfd7-3b28207895b2,FRONTIERS IN ENERGY,2095-1701,2095-1698,Higher Education Press Limited Company,,6.9,1.01,1.073,inactive,none (historical data populated)
2cd4eed8-1795-473a-b024-e8faa759af79,KOREAN JOURNAL OF PARASITOLOGY,0023-4001,1738-0006,Korean Journal of Parasitology,,2.8,0.463,,inactive,snip
2dea1b4c-ae6f-4250-acb8-514a9337579b,PSYCHE-ZEITSCHRIFT FUR PSYCHOANALYSE UND IHRE ANWENDUNGEN,0033-2623,,Verlag Klett-Cotta,,0.6,0.124,0.276,inactive,none (historical data populated)
2e90c619-67f8-44dc-94ef-d325b3770692,DYNA,0012-7361,1989-1490,Publicaciones Dyna Sl,,1.0,0.153,0.185,inactive,none (historical data populated)
367785c0-5e94-49c7-b2e2-ea7bbb97d8b3,JOURNAL OF ABNORMAL CHILD PSYCHOLOGY,0091-0627,1573-2835,Springer,,5.7,1.706,,inactive,snip
36ddc71c-54b5-4497-a91f-a13b397f1b1f,TRANSACTIONS OF THE ASABE,2151-0032,2151-0040,American Society of Agricultural and Biological Engineers,,2.3,0.319,,inactive,snip
37c5d679-3963-44e5-8317-30727b480c59,FRONTIERS OF STRUCTURAL AND CIVIL ENGINEERING,2095-2430,2095-2449,Higher Education Press Limited Company,,5.0,0.686,0.992,inactive,none (historical data populated)
38df5a87-3185-4e19-8f09-1d23878eb92b,INTERNATIONAL JOURNAL OF GENERAL MEDICINE,,1178-7074,Dove Medical Press Ltd,,2.2,0.521,1.256,inactive,none (historical data populated)
397e6112-c255-4e59-b86a-46afd2751733,JOURNAL OF POLYMER SCIENCE PART B-POLYMER PHYSICS,0887-6266,1099-0488,John Wiley & Sons Inc.,,5.9,0.49,0.958,inactive,none (historical data populated)
3a7fe867-aed4-44b2-9bf0-b9c02e7bf15c,INTERNATIONAL JOURNAL OF TRANSGENDERISM,1553-2739,1434-4599,Routledge,,5.1,0.764,,inactive,snip
3dffa0d2-d742-401d-a30b-6efa45cf4632,BUSINESS ETHICS-A EUROPEAN REVIEW,0962-8770,1467-8608,John Wiley and Sons Inc,,5.9,0.925,,inactive,snip
3e81d80a-a97a-4971-bb34-c40b72e681de,MYCOSPHERE,2077-7000,2077-7000,Zhongkai University,,18.6,4.995,5.742,inactive,none (historical data populated)
3eb50b10-8368-4544-822e-4e124fc64bc1,GIORNALE ITALIANO DI DERMATOLOGIA E VENEREOLOGIA,0392-0488,1827-1820,Edizioni Minerva Medica S.p.A.,,1.9,0.398,,inactive,snip
3ed47a30-1df9-4b69-9eed-fea3fd3688b3,HUMAN BIOLOGY,0018-7143,1534-6617,Wayne State University Press,,0.6,0.156,0.232,inactive,none (historical data populated)
3ef6210d-8919-44c2-8031-761a16028ed2,MEDICC REVIEW,1555-7960,,MEDICC Medical Education Cooperation with Cuba,,3.3,0.614,1.311,inactive,none (historical data populated)
4357ac2d-178c-4917-abb5-918e81903ca5,WILEY INTERDISCIPLINARY REVIEWS-SYSTEMS BIOLOGY AND MEDICINE,1939-5094,1939-005X,John Wiley and Sons Inc,,18.4,1.71,2.396,inactive,none (historical data populated)
44aa0a66-1e06-44cd-9bd6-b0b6cc4856ec,CIENCIA E INVESTIGACION AGRARIA,0718-1620,0718-1620,"Pontificia Universidad Catolica de Chile, Facultad de Agronomia e Ingenieria Forestal",,1.4,0.19,,inactive,snip
4856a893-e1e5-4c53-b023-b1b8050d3a90,ADVANCES IN CHROMATOGRAPHY,0065-2415,2153-991X,Marcel Dekker Inc.,,1.4,0.482,0.656,inactive,none (historical data populated)
57bd9bfb-b015-4604-8dd9-583585efc21b,ACTA GEOTECHNICA SLOVENICA,1854-0171,,University of Maribor,,1.2,0.144,0.123,inactive,none (historical data populated)
49ae5b25-35a9-453f-b819-2439b13bb7ae,ADMINISTRATIVE LAW REVIEW,0001-8368,2326-9154,American Bar Association,,1.0,0.903,1.472,inactive,none (historical data populated)
49c00896-a34c-40a4-b587-8e7ec12af7e1,AMERICAN JOURNAL OF CANCER RESEARCH,2156-6976,2156-6976,E-Century Publishing Corporation,,2.1,1.562,1.864,inactive,none (historical data populated)
49d9ac92-be7c-4e64-ba16-6ec6b4ba4f28,PSYCHOSOMATICS,0033-3182,1545-7206,American Psychiatric Publishing Inc.,,3.2,0.55,,inactive,snip
4cbdcea3-1c56-40ee-b74e-fd00bc1de5f5,DISCOVERY MEDICINE,1539-6509,1944-7930,"Solariz, Inc.",,5.4,0.966,1.548,inactive,none (historical data populated)
4d45ce2a-2c77-4856-b026-a8a92d59eae6,JOURNAL OF HEAT TRANSFER-TRANSACTIONS OF THE ASME,0022-1481,1528-8943,American Society of Mechanical Engineers (ASME),,3.8,0.425,,inactive,snip
52934304-e0e0-443c-be3d-aede1974af12,HERITAGE SCIENCE,2050-7445,2050-7445,Springer Science and Business Media Deutschland GmbH,,4.6,0.631,,inactive,snip
54e87f0f-41a9-4ac1-a524-c3b7227f3ddb,DISEASE MARKERS,0278-0240,1875-8630,Hindawi Limited,,3.7,0.662,0.837,inactive,none (historical data populated)
551ee7da-5282-4c7f-9d6b-1fab47fabcba,REVIEWS IN COMPUTATIONAL CHEMISTRY,1069-3599,,John Wiley and Sons Inc,,2.9,1.623,1.74,inactive,none (historical data populated)
56249d7d-cc55-44fe-9a40-e42afeae99f8,WORLD POLITICS,0043-8871,1086-3338,Johns Hopkins University Press,,10.7,3.565,4.771,inactive,none (historical data populated)
56c706b9-3337-4275-94ff-d62c73820e57,FOLIA ZOOLOGICA,0139-7893,1573-1189,Academy of Sciences of the Czech Republic,,1.7,0.354,,inactive,snip
56d489b8-bed0-4f89-8377-80109d5050e5,BMC COMPLEMENTARY AND ALTERNATIVE MEDICINE,,1472-6882,BioMed Central Ltd,,4.9,0.741,,inactive,snip
4f30e43a-d20f-4300-a9a5-5a02ac56d7f3,ARCHAEA-AN INTERNATIONAL MICROBIOLOGICAL JOURNAL,1472-3646,1472-3654,John Wiley and Sons Ltd,,7.5,0.116,0.0,inactive,none (historical data populated)
52305e34-be4e-4f8a-b749-d76713638495,ARCHIVES ITALIENNES DE BIOLOGIE,0003-9829,0003-9829,University of Pisa,,2.1,0.226,0.318,inactive,none (historical data populated)
579d1540-3571-4337-9618-daaa4a5003c9,ALTERNATIVE THERAPIES IN HEALTH AND MEDICINE,1078-6791,1078-6791,InnoVision Communications,,0.9,0.282,0.386,inactive,none (historical data populated)
5808f13a-9561-4822-99b8-d5f2cfb0a5f6,ZEITSCHRIFT FUR WIRTSCHAFTSGEOGRAPHIE,0044-3751,2365-7693,De Gruyter Open Ltd,,3.3,0.455,,inactive,snip
5991501d-b900-41c4-96e0-dcbcf2d3b1cd,DIGITAL INVESTIGATION,1742-2876,1873-202X,Elsevier Ltd,,5.9,0.348,,inactive,snip
5b05465f-aaac-45e7-b89e-dbb886e2c933,GEOLOGICAL SURVEY OF DENMARK AND GREENLAND BULLETIN,1604-8156,1904-4666,GEUS - Geological Survey of Denmark and Greenland,,2.3,0.22,,inactive,snip
5c10b7dd-f5e1-4a4a-9838-251c80d35a56,MOLECULAR THERAPY-ONCOLYTICS,2372-7705,2372-7705,Cell Press,,10.9,1.494,,inactive,snip
5ddc9d4f-e343-4f58-a828-2ec28dca9533,POLITICS GROUPS AND IDENTITIES,2156-5503,2156-5511,"ROUTLEDGE JOURNALS, TAYLOR & FRANCIS LTD",,,,,inactive,"citescore, sjr, snip"
5e4c1735-1a2f-4cd2-b0af-956605237497,TWMS JOURNAL OF PURE AND APPLIED MATHEMATICS,2076-2585,2219-1259,INST APPLIED MATHEMATICS,,,,,inactive,"citescore, sjr, snip"
5e4cb777-bee2-4a76-bed3-b999676d4b5d,HASTINGS LAW JOURNAL,0017-8322,0017-8322,"University of California, Hastings College of the Law",,1.3,0.123,0.184,inactive,none (historical data populated)
6bc6e718-6be5-40b8-b7ef-f07521cd1c96,THERANOSTICS,1838-7640,1838-7640,Ivyspring International Publisher,,23.9,3.37,2.41,inactive,none (historical data populated)
6bee194a-7345-4f78-ac32-614ed112110e,JOURNAL OF CHEMICAL NEUROANATOMY,0891-0618,1873-6300,Elsevier B.V.,,5.7,0.69,0.794,inactive,none (historical data populated)
6e928f24-af4e-447f-8508-7f14df16d5c2,CURRENT PROBLEMS IN CARDIOLOGY,0146-2806,1535-6280,Elsevier Inc.,,4.8,0.934,1.514,inactive,none (historical data populated)
6f173020-cecf-49c6-ad30-238bf9d0f04b,JOURNAL OF BIOMEDICAL NANOTECHNOLOGY,1550-7033,1550-7041,American Scientific Publishers,,4.3,0.377,0.305,inactive,none (historical data populated)
6f24e553-d01f-446e-a0a3-d039dc5d7a59,COMPUTATIONAL INTELLIGENCE AND NEUROSCIENCE,1687-5265,1687-5273,Hindawi Publishing Corporation,,3.9,0.863,1.072,inactive,none (historical data populated)
7291886e-a7b2-4a06-aec8-7c1ddfafdca8,ADVANCEMENTS OF MICROBIOLOGY,0079-4252,2545-3149,Sciendo,,0.4,0.141,0.264,inactive,none (historical data populated)
729dc729-f1a4-4e8e-8037-a35eca53f55e,AUSTRALIAN ECONOMIC HISTORY REVIEW,0004-8992,1467-8446,Wiley-Blackwell Publishing Ltd,,1.0,0.249,,inactive,snip
777ba29b-cbf6-4c1a-b15b-d3b307c0b53c,AUK,0004-8038,1938-4254,Oxford University Press,,,0.666,1.122,inactive,citescore
7808d5a0-c413-4ba8-85ac-818658bfbeb7,ILAR JOURNAL,1084-2020,1930-6180,Oxford University Press,,5.1,1.029,3.143,inactive,none (historical data populated)
7a24d290-4fa7-48eb-8f56-dd11cb16d30a,FRONTIERS OF MATHEMATICS IN CHINA,1673-3452,1673-3576,Higher Education Press Limited Company,,1.6,0.353,,inactive,snip
7c57c910-df10-42e7-9b32-6dae0a7ff690,SYNTAX AND SEMANTICS,0092-4563,,Brill Academic Publishers,,1.8,0.18,0.115,inactive,none (historical data populated)
74edca31-0bd4-4eb5-b196-08bcd4ff8737,BMC MEDICAL GENETICS,,1471-2350,BioMed Central Ltd,,2.3,0.62,1.113,inactive,none (historical data populated)
74ee61ef-2642-4a13-a3cf-824111af1479,ACTA REUMATOLOGICA PORTUGUESA,0303-464X,0303-464X,Sociedade Portuguesa de Reumatologia,,1.7,0.208,,inactive,snip
7a9e08e6-7f5f-4e31-88a8-605266a963e5,ANALYTICAL AND QUANTITATIVE CYTOPATHOLOGY AND HISTOPATHOLOGY,0884-6812,,Science Printers and Publishers Inc.,,1.5,0.164,,inactive,snip
802f93a2-f33e-463d-adba-87752e4af619,HELGOLAND MARINE RESEARCH,1438-387X,1438-3888,BioMed Central Ltd,,4.5,0.245,1.093,inactive,none (historical data populated)
8037e1c1-fb5d-4b9b-9504-b16e14e609ec,AMERICAN JOURNAL OF TRANSLATIONAL RESEARCH,1943-8141,1943-8141,E-Century Publishing Corporation,,5.3,1.027,0.763,inactive,none (historical data populated)
815b21dc-8990-4a66-aebf-accf57065bc8,FOUNDATIONS OF CHEMISTRY,1386-4238,1572-8463,Springer Netherlands,,1.5,0.149,1.027,inactive,none (historical data populated)
8169f349-f571-4e28-8a44-159f84a22fb2,INTERNATIONAL JOURNAL OF EVIDENCE-BASED HEALTHCARE,,1744-1609,Lippincott Williams and Wilkins,,1.8,0.536,,inactive,snip
8309828d-3ce7-44a9-8b4c-330f93050d18,JOURNAL OF WATER REUSE AND DESALINATION,2220-1319,2220-1319,IWA Publishing,,4.3,0.559,,inactive,snip
840a3ea9-8311-4a54-8e7b-9d7aeae2161e,ERWERBS-OBSTBAU,0014-0309,1439-0302,Springer Science and Business Media Deutschland GmbH,,2.7,0.313,0.64,inactive,none (historical data populated)
82c11ae9-1792-49df-ad6a-84d3689b9563,ALPHA PSYCHIATRY (PREVIOUSLY KNOWN AS ANADOLU PSIKIYATRI DERGISI-ANATOLIAN JOURNAL OF PSYCHIATRY),0NO -DATA,2757-8038,CUMHURIYET UNIV TIP FAK PSIKIYATRI ANABILIM DALI,,,,,inactive,"citescore, sjr, snip"
849d7277-2742-40e4-9f7d-95eaddf65610,AMERICAN BANKRUPTCY LAW JOURNAL,0027-9048,,National Conference of Bankruptcy Judges,,1.1,0.106,0.0,inactive,none (historical data populated)
8a78fec8-c1a4-4104-89e5-dbf133b7b034,SCANNING,0161-0457,1932-8745,John Wiley and Sons Inc,,4.4,0.392,1.287,inactive,none (historical data populated)
8ab1d042-edac-4934-af5e-97ab27579ac6,JOURNAL OF THEORETICAL & COMPUTATIONAL CHEMISTRY,0219-6336,1793-6888,World Scientific,,1.7,0.221,,inactive,snip
8ad8529e-45f2-4d2b-937e-2fb6ebd27fff,RESEARCH IN AUTISM SPECTRUM DISORDERS,1750-9467,1878-0237,Elsevier Ltd,,3.7,0.828,,inactive,snip
8e293726-8498-46a2-b6f7-1342e2d5d3ee,MUTATION RESEARCH-FUNDAMENTAL AND MOLECULAR MECHANISMS OF MUTAGENESIS,0027-5107,1873-135X,Elsevier B.V.,,0.3,0.729,,inactive,snip
9047a11e-0816-4055-a14a-39c25cb7f30d,JOURNAL OF HEALTHCARE ENGINEERING,2040-2295,2040-2309,John Wiley and Sons Ltd,,6.2,0.594,1.549,inactive,none (historical data populated)
910b423c-edc6-4d4f-aab5-766bb5432a70,INTERNATIONAL JOURNAL OF CONFLICT AND VIOLENCE,1864-1385,1864-1385,Universitaet Bielefeld,,1.6,0.139,0.905,inactive,none (historical data populated)
8b88881f-a23e-465a-b605-442e0273e823,AATCC REVIEW,1532-8813,1532-8813,American Association of Textile Chemists and Colorists,,0.2,0.126,0.0,inactive,none (historical data populated)
952336b1-688d-4970-9caa-16ec7719640a,AMERICAN JOURNAL OF HEALTH BEHAVIOR,1945-7359,,PNG Publications,,2.5,0.407,0.213,inactive,none (historical data populated)
954a31fe-d206-4e37-a74f-763b221cdc81,DATA BASE FOR ADVANCES IN INFORMATION SYSTEMS,0095-0033,,ASSOC COMPUTING MACHINERY,,,,,inactive,"citescore, sjr, snip"
956b3cc9-5f49-4f99-b370-7585e5065a27,HUMAN-WILDLIFE INTERACTIONS,1934-4392,1936-8046,JACK H BERRYMAN INST,,,,,inactive,"citescore, sjr, snip"
965dac2c-88cc-4007-8782-76f00dd47d3e,HEPATOBILIARY SURGERY AND NUTRITION,2304-3881,2304-389X,AME PUBLISHING COMPANY,,,,,inactive,"citescore, sjr, snip"
97247413-a60c-403c-b9a0-08868ee7dc30,DIFFERENTIAL EQUATIONS,0012-2661,1608-3083,PLEIADES PUBLISHING INC,,,,,inactive,"citescore, sjr, snip"
9cef5268-5296-423c-9e5a-1a53558247f5,ADVANCES IN DIFFERENCE EQUATIONS,1687-1847,1687-1847,Springer Publishing Company,,8.6,0.718,,inactive,snip
9e57547e-006d-4e4e-88b9-f3f12ce81c80,BMC EVOLUTIONARY BIOLOGY,1471-2148,1471-2148,BioMed Central Ltd,,5.8,1.14,,inactive,snip
9faa9e02-80f8-4cb9-a62c-2784c7017cee,JOURNAL OF ONCOLOGY,1687-8450,1687-8469,Hindawi Limited,,3.9,0.805,0.706,inactive,none (historical data populated)
958f709d-aba2-4c6b-a01a-ab60d879c575,AMERICAN LAW AND ECONOMICS REVIEW,1465-7252,1465-7260,Oxford University Press,,2.2,0.193,0.761,inactive,none (historical data populated)
ae769690-ac2b-4d39-999b-2f4c116d5273,IEEE-ACM TRANSACTIONS ON COMPUTATIONAL BIOLOGY AND BIOINFORMATICS,1545-5963,1557-9964,Institute of Electrical and Electronics Engineers Inc.,,9.7,0.797,,inactive,snip
aee488ff-de3a-4618-bd39-7f75197a6680,ANNALES ACADEMIAE SCIENTIARUM FENNICAE-MATHEMATICA,1239-629X,1798-2383,Academia Scientiarum Fennica,,1.3,0.631,,inactive,snip
b177834a-018f-4452-b37b-3ce4f9a4110c,NEURAL DEVELOPMENT,,1749-8104,BioMed Central Ltd,,4.9,1.07,,inactive,snip
b2c4119e-21fc-475c-83a6-10d79c2805b5,JOURNAL OF HIP PRESERVATION SURGERY,2054-8397,2054-8397,OXFORD UNIV PRESS,,,,,inactive,"citescore, sjr, snip"
b34ac351-65d8-4038-9980-b26f575073e8,JOURNAL ON ADVANCES IN SIGNAL PROCESSING (FORMERLY KNOWN AS : EURASIP JOURNAL ON ADVANCES IN SIGNAL PROCESSING ),1687-6180,1687-6180,Springer Science and Business Media Deutschland GmbH,,4.7,0.497,0.836,inactive,none (historical data populated)
b44b91e4-d3d6-45cb-a18a-af7de51909eb,NATION,0027-8378,0027-8378,The Nation Company,,0.1,0.101,,inactive,snip
b8d17c17-994d-4409-a1ac-78abb997556a,PERIOPERATIVE MEDICINE,,2047-0525,BMC,,,,,inactive,"citescore, sjr, snip"
bd0dfb71-5517-4909-b9f0-8273231e709f,NANOSCALE RESEARCH LETTERS,1931-7573,1556-276X,Springer New York,,15.0,0.714,1.284,inactive,none (historical data populated)
b7ade471-31eb-43d7-bef2-8c218a472ef6,ADVANCED COMPOSITES LETTERS,0963-6935,2633-366X,SAGE Publications Ltd,,2.1,0.37,,inactive,snip
bfc5b649-c471-4271-b3b6-f1ed67067a08,ATHEROSCLEROSIS SUPPLEMENTS,1567-5688,1878-5050,Elsevier Ireland Ltd,,4.8,0.686,,inactive,snip
c0ea5956-46ee-420d-b6bc-47876b2639b7,EUROPEAN UROLOGY SUPPLEMENTS,1569-9056,1878-1500,Elsevier,,2.7,0.339,,inactive,snip
c1d036e3-d457-4f5d-ad0e-7228c6d0d1f4,BMC BIOCHEMISTRY,1471-2091,1471-2091,BioMed Central Ltd,,4.8,0.907,3.68,inactive,none (historical data populated)
c2d715d5-ccd9-465f-99f7-98ceb2ea8614,NPJ SCHIZOPHRENIA,,2334-265X,SPRINGER NATURE,,,,,inactive,"citescore, sjr, snip"
c2f37cd7-b738-4ca9-9375-9cc09a6613e3,TRAITEMENT DU SIGNAL,0765-0019,1958-5608,International Information and Engineering Technology Association,,3.1,0.342,0.624,inactive,none (historical data populated)
c341a759-bf6f-4846-9445-4c09fd5f6998,BOSNIAN JOURNAL OF BASIC MEDICAL SCIENCES,1512-8601,1840-4812,Association of Basic Medical Sciences Federation of Bosnia and Herzegovina,,7.4,0.78,,inactive,snip
c438f893-189a-491c-b416-0b89d90cade3,BMC ECOLOGY,,1472-6785,BioMed Central Ltd,,,,0.298,inactive,"citescore, sjr"
c4b2d406-959e-43fe-bec4-4fe30d71ef05,BOLLETTINO DI GEOFISICA TEORICA ED APPLICATA,0006-6729,2239-5695,Istituto Nazionale di Oceanografia e di Geofisica Sperimentale,,3.1,0.233,0.43,inactive,none (historical data populated)
cb1b24a6-251b-40c2-94eb-14dcb2da762d,EUROPEAN JOURNAL OF MEDICAL RESEARCH,0949-2321,2047-783X,BioMed Central Ltd,,3.2,0.736,1.646,inactive,none (historical data populated)
cb3f5935-74e6-4594-a93d-b5b03b0aa803,GEODINAMICA ACTA,0985-3111,1778-3593,Taylor and Francis Ltd.,,4.5,0.929,,inactive,snip
cb41d478-e039-4890-8d84-95043a1f54db,JOURNAL OF STRUCTURAL ENGINEERING (MADRAS),0970-0137,0NO -DATA,Structural Engineering Research Centre,,0.5,0.118,0.252,inactive,none (historical data populated)
cbb9de77-bec7-4bdd-b6bb-663a94735e3f,COMUNICAR,1134-3478,1988-3293,Grupo Comunicar Ediciones,,10.1,0.986,3.541,inactive,none (historical data populated)
cc79ee17-192b-4947-b34c-9bf0032b43eb,PATHOLOGY RESEARCH AND PRACTICE,0344-0338,1618-0631,Elsevier GmbH,,5.0,0.677,0.887,inactive,none (historical data populated)
cca1e0cb-e021-4c69-b4d7-07b6407b242c,SPE PRODUCTION & OPERATIONS,1930-1855,1930-1863,Society of Petroleum Engineers (SPE),,3.7,0.425,0.93,inactive,none (historical data populated)
cd671769-2de9-4cda-9165-994dd8d07ced,IRANIAN JOURNAL OF SCIENCE AND TECHNOLOGY TRANSACTION A-SCIENCE,1028-6276,2364-1819,Springer Science and Business Media Deutschland GmbH,,4.0,0.285,0.833,inactive,none (historical data populated)
cef0d8f1-7f91-4e8f-8176-94a44883d463,MEDCHEMCOMM,2040-2503,2040-2511,Royal Society of Chemistry,,4.7,0.666,,inactive,snip
d076a4a3-349d-40b7-9ead-4ea30977e79b,COMPUTER LAW & SECURITY REVIEW,0267-3649,0267-3649,ELSEVIER ADVANCED TECHNOLOGY,,,,,inactive,"citescore, sjr, snip"
d1fe3e92-de47-4cc4-ac35-369ebc7edab9,HORMONES & CANCER,1868-8497,1868-8500,Springer,,4.6,0.558,,inactive,snip
d2b0a0da-80f2-4462-9214-be3f66d8f4e3,NEFROLOGIA,0211-6995,1989-2284,SOC ESPANOLA NEFROLOGIA DR RAFAEL MATESANZ,,,,,inactive,"citescore, sjr, snip"
d7bd4441-89df-4443-bef0-87a7c68d8ee4,BMC GENETICS,1471-2156,1471-2156,BioMed Central Ltd,,4.3,0.585,,inactive,snip
d52619e1-249e-40fa-a176-2a2a282bd570,BOTANICA SERBICA,1821-2158,1821-2638,"Institute of Botany and Botanical Garden ""Jevremovac"", University of Belgrade",,1.7,0.249,,inactive,snip
d8000460-c173-48fe-ac75-ffc74507bf46,INTERNATIONAL PERSPECTIVES ON SEXUAL AND REPRODUCTIVE HEALTH,1944-0391,1944-0405,Alan Guttmacher Institute,,2.4,0.793,1.695,inactive,none (historical data populated)
d9b45c39-bfdd-46cc-adc5-d041f39e6c06,JOURNAL OF SUBSTANCE ABUSE TREATMENT,0740-5472,1873-6483,Elsevier Inc.,,7.6,1.523,,inactive,snip
db4a5e30-6b0b-46ec-807a-5d6818d1bc35,CANADIAN JOURNAL OF SOCIOLOGY-CAHIERS CANADIENS DE SOCIOLOGIE,0318-6431,0318-6431,University of Alberta Library,,3.0,0.122,0.102,inactive,none (historical data populated)
dc1d9adb-35e7-4587-a5a3-1c5be2149f6d,INTERNATIONAL JOURNAL OF SURGERY,1743-9191,1743-9159,Wolters Kluwer Health Inc,,6.9,2.076,2.356,inactive,none (historical data populated)
def8a10b-5aaa-4967-9a58-b2a60d473ef2,MEDECINE ET MALADIES INFECTIEUSES,0399-077X,1769-6690,Elsevier Masson s.r.l.,,1.1,0.558,,inactive,snip
e2c62570-a486-45ef-8fcb-4a900c69c600,BMC INTERNATIONAL HEALTH AND HUMAN RIGHTS,,1472-698X,BioMed Central Ltd,,3.0,1.145,1.994,inactive,none (historical data populated)
e4064b41-bcca-4b5f-b0fc-83d8aec94ac1,CONTRAST MEDIA & MOLECULAR IMAGING,1555-4309,1555-4317,Hindawi Limited,,1.6,0.424,0.825,inactive,none (historical data populated)
e52bb54f-abab-4078-9d08-40e0bc952c27,COPEIA,0045-8511,1938-5110,American Society of Ichthyologists and Herpetologists,,2.1,0.469,,inactive,snip
e5d17e1f-5f6c-4ae8-ae0e-32ec86e2167a,WORLD JOURNAL OF GASTROINTESTINAL SURGERY,1948-9366,1948-9366,BAISHIDENG PUBLISHING GROUP INC,,,,,inactive,"citescore, sjr, snip"
237cfadc-0eb6-4795-8fd4-115ad91f6587,CONGENITAL ANOMALIES,0914-3505,1741-4520,John Wiley and Sons Inc,,1.7,0.426,1.845,inactive,none (historical data populated)
e2576252-0616-464a-8300-f07af44ce41a,AMERICAN SURGEON,0003-1348,1555-9823,SAGE Publications Inc.,,1.4,0.413,0.525,inactive,none (historical data populated)
e75b97ae-b265-45e5-a315-d1e2cc581984,BERICHTE UBER LANDWIRTSCHAFT,2196-5099,,BUNDESMINISTERIUM ERNAHRUNG LANDWIRTSCHAFT,,,,,inactive,"citescore, sjr, snip"
e8952bf2-36c6-4896-bdab-87e5ce9bccb3,JOURNAL OF POLYMER SCIENCE PART A-POLYMER CHEMISTRY,0887-624X,1099-0518,John Wiley & Sons Inc.,,5.2,0.768,,inactive,snip
e952af8e-cbe0-455e-9c54-89f8b7f2618f,COMPUTATIONAL AND MATHEMATICAL METHODS IN MEDICINE,1748-670X,1748-6718,John Wiley and Sons Ltd,,2.3,0.474,0.981,inactive,none (historical data populated)
ea61bdd1-280c-4f5b-b925-59c98d29dcc7,FRONTIERS OF ENVIRONMENTAL SCIENCE & ENGINEERING,2095-2201,2095-221X,Higher Education Press Limited Company,,12.3,1.387,1.132,inactive,none (historical data populated)
ea781d07-b2b9-4e26-8ca9-e40b68937813,ASSEMBLY AUTOMATION,0144-5154,1758-4078,Emerald Group Publishing Ltd.,,4.3,0.537,,inactive,snip
ecf3a952-0c28-415d-86ff-7c470024db25,ACTA ZOOLOGICA ACADEMIAE SCIENTIARUM HUNGARICAE,1217-8837,,Hungarian Natural History Museum,,1.6,0.365,,inactive,snip
ecfbd56f-7e86-40a7-aa0d-2852eff88662,EURASIP JOURNAL ON WIRELESS COMMUNICATIONS AND NETWORKING,1687-1472,1687-1499,Springer Science and Business Media Deutschland GmbH,,7.3,0.587,0.944,inactive,none (historical data populated)
ed1e5d03-4f30-4447-8061-a29601b2b460,CATALYSIS COMMUNICATIONS,1566-7367,1873-3905,Elsevier B.V.,,7.9,0.762,0.928,inactive,none (historical data populated)
ee202597-ada6-47fe-ac9a-cf72bc440263,ADVANCES IN CHRONIC KIDNEY DISEASE,1548-5595,1548-5609,W.B. Saunders,,5.9,0.814,,inactive,snip
efab5e1a-7a87-40cd-8f3f-7101ccc2e9e0,ARABIAN JOURNAL OF CHEMISTRY,1878-5352,1878-5379,Elsevier B.V.,,10.4,0.888,1.388,inactive,none (historical data populated)
f031165b-33d8-4574-bcf8-ff4188b430e6,WIRELESS COMMUNICATIONS & MOBILE COMPUTING,1530-8669,1530-8677,Hindawi Limited,,2.3,0.445,0.831,inactive,none (historical data populated)
f036db4e-1593-44a9-915e-eb3078dd47dd,SECURITY AND COMMUNICATION NETWORKS,1939-0114,1939-0122,John Wiley and Sons Ltd,,2.6,0.494,0.954,inactive,none (historical data populated)
edeb9d4e-d1e0-47e0-b3c8-364ada076740,AMERICAN MIDLAND NATURALIST,0003-0031,1938-4238,University of Notre Dame,,1.2,0.202,0.565,inactive,none (historical data populated)
174128d8-739a-4f28-8b52-0d54d2fb0a9e,JOURNAL OF THE HISTORY OF SEXUALITY,1043-4070,1535-3605,University of Chicago,,,0.102,0.958,inactive,citescore
18d063ec-f9e4-4dcb-81c6-338112b64063,LEX LOCALIS-JOURNAL OF LOCAL SELF-GOVERNMENT,1581-5374,1855-363X,Institute for Local Self-Government Maribor,,1.2,0.184,0.319,inactive,none (historical data populated)
33cd43d7-dda3-47c7-af4b-d349c84c9de9,MOBILE INFORMATION SYSTEMS,1574-017X,1875-905X,Hindawi Limited,,1.4,0.357,0.696,inactive,none (historical data populated)
34f5f814-4bc6-4ffd-9548-d3eae01f8ed4,PROCEEDINGS OF THE BIOLOGICAL SOCIETY OF WASHINGTON,0006-324X,1943-6327,Biological Society of Washington,,1.0,0.192,1.175,inactive,none (historical data populated)
35442d48-4fad-4fe5-82df-29ba9199c8d3,JOURNAL OF POLYMER MATERIALS,0973-8622,,PRINTS PUBLICATIONS PVT LTD,,1.0,0.157,0.321,inactive,none (historical data populated)
35a48b0c-1759-444a-a47a-5ca2a5bb3a2a,ECONOMICS OF TRANSITION,0967-0750,1468-0351,Wiley-Blackwell Publishing Ltd,,1.7,0.351,,inactive,snip
35c6cda7-459f-476f-b8d6-19219436d06e,CALIFORNIA FISH AND GAME,0008-1078,2331-0405,Department of Fish and Game,,0.9,0.307,,inactive,snip
374f2ed9-75eb-42f7-b299-42eeb7bfa5a6,HEROIN ADDICTION AND RELATED CLINICAL PROBLEMS,1592-1638,1592-1638,Pacini Editore Srl,,1.8,0.239,0.251,inactive,none (historical data populated)
3781f3a1-3218-402a-b7f0-f0e41aef9460,PROGRES EN UROLOGIE,1166-7087,2405-5131,Elsevier Masson s.r.l.,,1.8,0.309,,inactive,snip
cf16105d-2d0a-4e28-b409-da6f02dbdf90,REVISTA ROMANA DE MEDICINA DE LABORATOR,1841-6624,2284-5623,Sciendo,,0.5,0.129,0.116,inactive,none (historical data populated)
d179476c-bc08-49da-9d39-b0e86acde6d5,JOURNAL OF GREY SYSTEM,0957-3720,,Research Information Ltd,,2.4,0.211,0.74,inactive,none (historical data populated)
d6b30528-a2bf-428a-a072-186c80444973,UNFALLCHIRURG,0177-5537,1433-044X,Springer Medizin,,1.5,0.226,,inactive,snip
d7201ab4-0fe6-4f35-a887-5d7d0866dd8c,SOIL SCIENCE,0038-075X,1538-9243,Lippincott Williams and Wilkins Ltd.,,2.7,0.294,0.814,inactive,none (historical data populated)
86b264d8-62c9-4216-a3b5-3a5f58ca81ca,TEKNIK DERGI,1300-3453,1300-3453,Turkish Chamber of Civil Engineers,,1.3,0.201,,inactive,snip
886d165a-8948-4863-b512-bc3b0b7d46d9,J-FOR-JOURNAL OF SCIENCE & TECHNOLOGY FOR FOREST PRODUCTS AND PROCESSES,1927-6311,1927-632X,Pulp and Paper Technical Association of Canada (PAPTAC),,,0.154,0.404,inactive,citescore
8c58bd6c-efef-4b55-a42a-6ef40c621492,NETWORK-COMPUTATION IN NEURAL SYSTEMS,0954-898X,1361-6536,Taylor and Francis Ltd.,,3.7,0.29,0.431,inactive,none (historical data populated)
8c98571b-b93f-444f-9bc5-5875fe0fff5c,SOMATOSENSORY AND MOTOR RESEARCH,0899-0220,1369-1651,Taylor and Francis Ltd.,,1.5,0.407,0.768,inactive,none (historical data populated)
9132bef5-e92e-4afc-9ca3-af87c8084e5a,INTERNIST,0020-9554,1432-1289,Springer Medizin,,1.2,0.176,,inactive,snip
939f098d-0acb-4ea3-b776-f196522ab243,KNOWLEDGE ORGANIZATION,0943-7444,,International Society for Knowledge Organization,,1.0,0.273,0.727,inactive,none (historical data populated)
95662545-b2ba-4a82-abc0-76a55f7054ef,CELLULAR AND MOLECULAR BIOLOGY,0145-5680,1165-158X,Cellular and Molecular Biology Association,,1.6,0.314,0.325,inactive,none (historical data populated)
9605901c-b205-4e44-90d5-b1cf0981d4d8,MATHEMATICAL PROBLEMS IN ENGINEERING,1024-123X,1563-5147,John Wiley and Sons Ltd,,4.0,0.303,0.707,inactive,none (historical data populated)
9623e4b4-694a-4759-8c1b-df38ad930e23,UROLOGE,0340-2592,1433-0563,Springer Medizin,,0.9,0.172,,inactive,snip
96cfb149-1652-48e9-b2fc-100320bc6e4d,CHALCOGENIDE LETTERS,1584-8663,1584-8663,S.C. Virtual Company of Physics S.R.L,,2.2,0.299,0.584,inactive,none (historical data populated)
99334a50-4dac-4b2d-a116-be53aa5908eb,REVUE D EPIDEMIOLOGIE ET DE SANTE PUBLIQUE,0398-7620,1773-0627,Elsevier Masson s.r.l.,,1.7,0.37,,inactive,snip
9ba6c704-a18c-42e8-98ec-d4cabe4424c8,CARIBBEAN JOURNAL OF SCIENCE,0008-6452,0008-6452,University of Puerto Rico Medical Sciences Campus,,1.0,0.131,0.34,inactive,none (historical data populated)
9c609997-5dff-4c5f-8533-6bf34a327b50,INTERNATIONAL JOURNAL OF PHARMACOLOGY,1811-7775,1812-5700,Asian Network for Scientific Information,,1.4,0.221,0.037,inactive,none (historical data populated)
