journal_id,journal_name,issn,e_issn,publisher,subject_area,citescore,sjr,snip
c53a9e3e-8437-4b24-a5db-69701b20707c,JOURNAL OF THE FACULTY OF AGRICULTURE KYUSHU UNIVERSITY,0023-6152,,"Kyushu University, Faculty of Science",,,,
ca8a9e0c-a62d-4fd6-9c03-2561d8363eb3,WATER QUALITY RESEARCH JOURNAL OF CANADA,1201-3080,1201-3080,IWA Publishing,,,,
9f50de5e-5474-4a2a-9fa0-5e66a1cedffe,PSYCHOANALYSIS AND HISTORY,1460-8235,1755-201X,Edinburgh University Press,,,,
cf70f5f4-73c6-4315-b5fd-09184d2fe47c,JAMA FACIAL PLASTIC SURGERY,2168-6076,2168-6092,American Medical Association,,,,
b4569cb1-2be8-45dc-a664-21dca7988e3a,JOURNAL OF RADIATION RESEARCH AND APPLIED SCIENCES,1687-8507,1687-8507,ELSEVIER,,,,
c1881b7c-ed79-4105-b85e-a31bab098352,CRYPTOLOGIA,0161-1194,1558-1586,Routledge,,,,
29ca6dae-34b5-4ac8-bda3-05cfe82a3ce2,JOURNAL OF THE AMERICAN POMOLOGICAL SOCIETY,1527-3741,1527-3741,American Pomological Society,,,,
1f7ff56d-3201-4b31-b051-375679db10a0,BRAZILIAN JOURNAL OF OCEANOGRAPHY,1679-8759,1982-436X,University of Sao Paolo,,,,
1fa2c2e1-2478-4ee7-b73c-6eb0930a52d3,INTERNATIONAL JOURNAL OF IMPLANT DENTISTRY,,2198-4034,SPRINGER JAPAN KK,,,,
20963017-2ad6-4098-bc31-a7afe75ea016,OPTICAL AND QUANTUM ELECTRONICS,0306-8919,1572-817X,Springer,,,,
3dc86f67-636b-4a99-ab75-75b607040700,RADIOLOGE,0033-832X,1432-2102,Springer Medizin,,,,
ab8d185d-b402-4d24-a10d-5e9d6c9f2a2b,INTERNATIONAL JOURNAL OF COGNITIVE THERAPY,1937-1209,1937-1217,Springer Science and Business Media Deutschland GmbH,,,,
4c9c73a6-e929-4764-a6bd-b1a7de604e5d,JOURNAL OF MATHEMATICAL NEUROSCIENCE,2190-8567,2190-8567,Springer Science and Business Media Deutschland GmbH,,,,
65d2f72e-b9a2-45d6-abb9-231338e18b95,JOURNAL OF MARINE RESEARCH,0022-2402,1543-9542,Yale University,,,,
e889d9fd-ef9e-4d79-b945-bd77591e3e32,SWISS JOURNAL OF PSYCHOLOGY,1421-0185,1662-0879,Hogrefe Verlag GmbH & Co. KG,,,,
f4dfaf87-5687-4e78-bc6b-cdcfed42c441,JOURNAL OF THE AMERICAN COLLEGE OF NUTRITION,0731-5724,1541-1087,Taylor and Francis Ltd.,,,,
c9a02b55-c4fc-4b6a-8d6f-b0be1d173376,JOURNAL OF NANOELECTRONICS AND OPTOELECTRONICS,1555-130X,1555-1318,American Scientific Publishers,,,,
fe02609c-2349-473b-a237-5d63a4a67b58,NATURAL LANGUAGE ENGINEERING,1351-3249,1469-8110,Cambridge University Press,,,,
549045a1-66d1-4ff5-9c7b-6553fd220481,JOURNAL OF HISTORICAL SOCIOLOGY,0952-1909,1467-6443,Wiley-Blackwell Publishing Ltd,,,,
525646ce-1c97-4758-8aa4-b6a941be1e03,JOURNAL OF AQUATIC PLANT MANAGEMENT,0146-6623,0146-6623,"Aquatic Plant Management Society, Inc.",,,,
7396e4c4-2992-4565-8357-28e2854ea034,VETERINARIA MEXICO,0301-5092,2448-6760,"Facultad de Medicina Veterinaria y Zootecnia, Universidad Nacional Autonoma de Mexico",,,,
fd3158e0-bbf4-4c45-b3e3-d9969eed97c2,JOURNAL OF PROFESSIONAL ISSUES IN ENGINEERING EDUCATION AND PRACTICE,1052-3928,1943-5541,American Society of Civil Engineers (ASCE),,,,
3b91c1ff-65b8-4027-a181-115150a75fb0,PEDIATRIC ENDOCRINOLOGY REVIEWS PER,1565-4753,1565-4753,YS Medical Media Ltd.,,,,
1a1267f3-8573-4216-90b3-5b49eafc7f4b,MINERVA GASTROENTEROLOGY,2724-5985,2724-5365,Edizioni Minerva Medica,,,,
86c072f9-8691-4716-b722-b229a122358f,CLINICAL MASS SPECTROMETRY,2376-9998,2213-8005,Elsevier B.V.,,,,
887013e9-1e89-4689-8dea-5c8adbce9e43,PANMINERVA MEDICA,0031-0808,1827-1898,Edizioni Minerva Medica,,,,
868f1990-4725-47e2-a99a-66e284b98ab4,ANAESTHESIST,0003-2417,1432-055X,Springer Medizin,,,,
64c64ae8-b0c3-4afa-819d-5997b3e55a43,IEEE MICROWAVE AND WIRELESS COMPONENTS LETTERS,1531-1309,1558-1764,Institute of Electrical and Electronics Engineers Inc.,,,,
71a4df2a-ac7e-42e3-8e66-fbdf3c8db318,BMC MOLECULAR BIOLOGY,1471-2199,1471-2199,BioMed Central Ltd,,,,
73f21df4-f681-49e2-a3f9-b6765c4da5e2,JOURNAL OF ENVIRONMENTAL AND PUBLIC HEALTH,1687-9805,1687-9813,John Wiley and Sons Ltd,,,,
c8e6a400-2528-4dd7-9fe5-e61c3575be09,FRONTIERS OF CHEMICAL SCIENCE AND ENGINEERING,2095-0179,2095-0187,Higher Education Press Limited Company,,,,
27250a1f-8192-4891-841a-9f0fdb0e37c6,IEEE CANADIAN JOURNAL OF ELECTRICAL AND COMPUTER ENGINEERING,0840-8688,0840-8688,IEEE Canada,,,,
293a5629-0d4e-45e1-9040-4eb0f27e063b,MATERIALS EXPRESS,2158-5849,2158-5857,American Scientific Publishers,,,,
31813ebf-89cd-4408-b767-a69284b3329c,FUTURE OF CHILDREN,1054-8289,1550-1558,Princeton University,,,,
32a54e6c-dcba-4e96-9521-83e9fe4cc001,EXPERT OPINION ON ORPHAN DRUGS,2167-8707,2167-8707,Taylor and Francis Ltd.,,,,
32af299e-1a64-49af-8a94-8e2a10dad675,NETHERLANDS JOURNAL OF MEDICINE,0300-2977,1872-9061,Van Zuiden Communications BV,,,,
41f6e8bb-f696-485b-a2cc-41b88fd6ef79,WORLD JOURNAL OF CLINICAL CASES,2307-8960,2307-8960,Baishideng Publishing Group Inc,,,,
422048de-c7e3-46be-98bd-35a51483b684,FORKTAIL,0950-1746,0950-1746,Oriental Bird Club,,,,
4221ae77-5f59-4c64-84dc-1285f9dac0c7,ZHURNAL OBSHCHEI BIOLOGII,0044-4596,,Maik Nauka Publishing / Springer SBM,,,,
42eb5380-cc99-4eb3-967e-227e5c3781a3,DIABETES EDUCATOR,0145-7217,1554-6063,SAGE Publications Inc.,,,,
43b18658-0177-4ffb-82fd-14727cde8e22,ORTHOPADE,0085-4530,1433-0431,Springer Medizin,,,,
7d06fbcc-c520-4310-92ee-9f03f5515dcd,KINDHEIT UND ENTWICKLUNG,0942-5403,2190-6246,Hogrefe Verlag GmbH & Co. KG,,,,
d81f19f8-ab43-468e-9fba-06d3f4eadbbf,ORIGINS OF LIFE AND EVOLUTION OF BIOSPHERES,0169-6149,1573-0875,Springer Science and Business Media B.V.,,,,
de962189-efad-47a2-a773-5469bd404e02,EPE JOURNAL,0939-8368,2376-9319,European Power Electronics and Drives Association,,,,
66173ebf-7ccc-4ba3-9cc8-4fe4c6beeb19,ANNALS OF TRANSLATIONAL MEDICINE,2305-5839,2305-5847,AME Publishing Company,,,,
74e2344d-e0ec-4e17-a73a-cbd0b462689e,EVIDENCE-BASED MENTAL HEALTH,1362-0347,1468-960X,BMJ Publishing Group,,,,
abc77120-437e-47bb-99d7-4cb94294c456,TOBACCO REGULATORY SCIENCE,2333-9748,2333-9748,Tobacco Regulatory Science Group,,,,
defb033e-d800-479c-8a33-35a1d5146f08,EDUCATIONAL LEADERSHIP,0013-1784,1943-5878,Association for Supervision and Curriculum Development,,,,
0313a276-d46c-4c8c-842b-0c9b9daf2353,IEEE-ACM TRANSACTIONS ON NETWORKING,1063-6692,1558-2566,Institute of Electrical and Electronics Engineers Inc.,,,,
00180193-fbf5-4c26-b7ed-de390b3c9dd7,JOURNAL OF CONCHOLOGY,0022-0019,,Conchological Society of Great Britain and Ireland,,,,
01d457ed-678e-4786-8c42-1751f7b55590,INDIAN JOURNAL OF CHEMISTRY SECTION A-INORGANIC BIO-INORGANIC PHYSICAL THEORETICAL & ANALYTICAL CHEMISTRY,0376-4710,0975-0975,Scientific Publishers of India,,,,
a20869a6-509e-4613-9e05-a9b98305e610,SCIENCE AND TECHNOLOGY OF ENERGETIC MATERIALS,1347-9466,,Japan Explosives Society,,,,
d85fe437-8043-4afd-8ef9-a45dd8697774,AMERICAN ECONOMIC REVIEW-INSIGHTS,2640-205X,2640-2068,AMER ECONOMIC ASSOC,,,,
eee98c8f-5ea6-43a3-824b-2989bdcb65b0,CONDOR,0010-5422,1938-5129,University of California Press,,,,
fdc8d9b1-c958-4a55-88bd-606c53988cd8,FRONTIERS OF MEDICINE,2095-0217,2095-0225,Higher Education Press Limited Company,,,,
3830bd31-b551-40af-9135-ed0e35252fdb,PROCEEDINGS OF THE LINNEAN SOCIETY OF NEW SOUTH WALES,0370-047X,,Linnean Society of New South Wales,,,,
385bce72-af73-4515-b3dc-f72d10af72a7,JOURNAL OF BIOLOGICAL REGULATORS AND HOMEOSTATIC AGENTS,0393-974X,1724-6083,Biolife Publisher,,,,
3a4154f1-75d1-48e4-8873-0051842a73b1,RUSSIAN JOURNAL OF DEVELOPMENTAL BIOLOGY,1062-3604,1608-3326,Pleiades Publishing,,,,
4b897a57-d48a-4ffc-95cd-a8be7e260837,INDIAN JOURNAL OF CHEMISTRY SECTION B-ORGANIC CHEMISTRY INCLUDING MEDICINAL CHEMISTRY,0376-4699,0019-5103,Scientific Publishers,,,,
5e52e992-a9df-42df-9b14-2ca6ce478cf7,INDIAN JOURNAL OF GEO-MARINE SCIENCES,0379-5136,0975-1033,National Institute of Science Communication and Information Resources (NISCAIR),,,,
6012c7e8-2c84-4485-a1e7-01123c936942,JOURNAL OF SYSTEMS ENGINEERING AND ELECTRONICS,1004-4132,1004-4132,"SYSTEMS ENGINEERING & ELECTRONICS, EDITORIAL DEPT",,,,
6415f393-be01-4c8b-b946-88d68b2b7864,FEMALE PELVIC MEDICINE AND RECONSTRUCTIVE SURGERY,2151-8378,2154-4212,Lippincott Williams and Wilkins Ltd.,,,,
65dc7f16-f72b-4ff0-987a-bd1f05bae645,CHINESE JOURNAL OF PHYSIOLOGY,0304-4920,2666-0059,Wolters Kluwer Medknow Publications,,,,
65f06cb1-1ded-4b44-a0a7-edd3568e819d,DEVELOPMENT GENES AND EVOLUTION,0949-944X,1432-041X,Springer Science and Business Media Deutschland GmbH,,,,
702ab8b3-6922-43e4-82f5-797cce24a388,JOURNAL OF EAST EUROPEAN MANAGEMENT STUDIES,0949-6181,1862-0019,Nomos Verlagsgesellschaft mbH und Co KG,,,,
732d33fc-bf3e-4c02-ad9c-9ec6a00dc7e9,JOURNAL OF EVOLUTIONARY BIOCHEMISTRY AND PHYSIOLOGY,0022-0930,1608-3202,Maik Nauka Publishing / Springer SBM,,,,
a31d8aeb-d8e5-482e-8aaa-784544d7ecd1,FRESENIUS ENVIRONMENTAL BULLETIN,1018-4619,1610-2304,Parlar Scientific Publications,,,,
a5a1ba39-dd30-415a-98d3-be011c3baf65,JOURNAL OF PEDIATRIC ONCOLOGY NURSING,1043-4542,1532-8457,SAGE Publications Inc.,,,,
aa272da2-3e14-41f0-9255-9c188adce053,JOURNAL OF PETROLEUM SCIENCE AND ENGINEERING,0920-4105,1873-4715,Elsevier B.V.,,,,
ac6b0958-1fdb-4aba-8f13-1c04b3993642,STUDIES IN HISTORY AND PHILOSOPHY OF SCIENCE PART C-STUDIES IN HISTORY AND PHILOSOPHY OF BIOLOGICAL AND BIOMEDICAL SCIENC,1369-8486,1879-2499,Elsevier Ltd,,,,
a950c580-f4c7-4891-8c5e-fa3572f8f525,NAVAL ENGINEERS JOURNAL,0028-1425,1559-3584,John Wiley and Sons Ltd,,,,
aa4a891e-170e-4b10-adbb-eacfd351c82a,ZEMDIRBYSTE-AGRICULTURE,1392-3196,1392-3196,Lithuanian Research Centre for Agriculture and Forestry; Vytautas Magnus University,,,,
bcf7c8c3-cb4c-47f9-9618-ffe299b4aaef,NEUROCHEMICAL JOURNAL,1819-7124,1819-7132,Maik Nauka-Interperiodica Publishing,,,,
be9568de-96c7-4345-9b2f-3aaae80cbd02,LC GC NORTH AMERICA,1527-5949,1939-1889,UBM Medica Healthcare Publications,,,,
c0838984-745a-44b7-a91d-0e9a10c11b8c,PATHOLOGE,0172-8113,1432-1963,Springer Medizin,,,,
f18b5ffe-54bc-4ff1-bbbc-a0b5350e4363,NEW REPUBLIC,0028-6583,,New Republic,,,,
f2e6972f-09fe-42c9-a2aa-57b44e183ad7,BULLETIN OF THE GEOLOGICAL SOCIETY OF DENMARK,2245-7070,2245-7070,GEOLOGICAL SOC DENMARK,,,,
f470a570-cfb5-4ecb-9095-c1b90e4ea9e4,ASIAN-AUSTRALASIAN JOURNAL OF ANIMAL SCIENCES,1011-2367,1976-5517,Asian-Australasian Association of Animal Production Societies,,,,
e395ccc1-e033-491a-b503-91b85e597506,CANADIAN MINERALOGIST,0008-4476,1499-1276,Mineralogical Association of Canada,,,,
e62af8b3-690f-4da5-a491-13a0c798fbe8,SUGAR INDUSTRY-ZUCKERINDUSTRIE,0344-8657,,Verlag Dr. Albert Bartens KG,,,,
f0f5205a-03d2-4a97-bf47-a19932d071ff,DIABETOLOGE,1860-9716,1860-9724,Springer Medizin,,,,
fc45538e-d203-431d-af64-ee3aab7dd0ce,IMPLANT DENTISTRY,1056-6163,1056-6163,Lippincott Williams and Wilkins,,,,
fd0c2c47-4df9-4e7f-b4ec-3c869514d947,AUSTRALIAN AND NEW ZEALAND JOURNAL OF CRIMINOLOGY,0004-8658,1837-9273,SAGE Publications Ltd,,,,
ffceb03c-9b75-4e47-b43c-088023e14e17,FRONTIERS IN LIFE SCIENCE,2155-3769,2155-3777,Taylor and Francis Ltd.,,,,
fe2749e0-0e05-4f92-baf7-d788eeacfa10,HOUILLE BLANCHE-REVUE INTERNATIONALE DE L EAU,0018-6368,1958-5551,Taylor and Francis Ltd.,,,,
fedf1a67-8850-43e3-9aba-74dd78416fd8,HAUTARZT,0017-8470,1432-1173,Springer Medizin,,,,
ad98e9f8-cc62-4d12-a464-c1ced5afe63a,ENTOMOLOGICA AMERICANA,1947-5136,1947-5144,New York Entomological Society,,,,
adee0333-b414-4d57-a394-a8d9f8039355,ARCHIVES OF CLINICAL PSYCHIATRY,0101-6083,1806-938X,Universidade de Sao Paulo. Museu de Zoologia,,,,
b0523ae3-948a-4766-b9e3-acfdbb3917e8,EXPERIMENTAL AND THERAPEUTIC MEDICINE,1792-0981,1792-1015,Spandidos Publications,,,,
b2364dd3-0cf9-4628-a26d-2701e4390566,HERZOGIA,0018-0971,,BLAM E V,,,,
b521eea0-fc01-48d6-8835-cddc7e21f41b,LIBRARY JOURNAL,0363-0277,,Reed Business Information (Cahners),,,,
b8d6889f-9ba9-4c11-9e85-162f84d9ba0a,EMAGRES,2055-6101,2055-6101,John Wiley and Sons Inc,,,,
b9152669-ab83-425f-bfac-ebf143019937,CONTRIBUTIONS TO NEPHROLOGY,0302-5144,1662-2782,S. Karger AG,,,,
b9d08c44-2af1-4b8d-b2f2-cd50b0443852,PLANTA DANINHA,0100-8358,1806-9681,Sociedade Brasileira da Ciencia das Plantas Daninhas,,,,
f21b3e1f-75c1-4e99-b768-df9641cd47e2,INTERNATIONAL JOURNAL OF MORPHOLOGY,0717-9502,0717-9367,Universidad de la Frontera,,,,
c19462df-6a73-4d65-9c0e-b776ebf4ea80,INDIAN JOURNAL OF EXPERIMENTAL BIOLOGY,0019-5189,0975-1009,National Institute of Science Communication and Policy Research,,,,
c1dd3251-f3f9-4827-822f-8fce13bdb680,REVISTA INTERNACIONAL DE MEDICINA Y CIENCIAS DE LA ACTIVIDAD FISICA Y DEL DEPORTE,1577-0354,1577-0354,Universidad Autonoma de Madrid y CV Ciencias del Deporte,,,,
c940f48f-dd15-43b5-b039-fe14913dc5a5,SCIENCE OF ADVANCED MATERIALS,1947-2935,1947-2943,American Scientific Publishers,,,,
6fb779ba-b08c-41bf-ac89-4185b31102ee,MINERVA PEDIATRICS,2724-5276,2724-5780,Edizioni Minerva Medica,,,,
dbd1df6c-4b6c-49d6-a9d3-d11788a24691,PSYCHOTHERAPEUT,0935-6185,1432-2080,Springer Medizin,,,,
ddc9572a-48f2-4c1c-8317-9270f13ffa10,CHIRURG,0009-4722,1433-0385,Springer Medizin,,,,
a230fd06-916d-4409-9ce9-d0362deaa89d,HARVARD EDUCATIONAL REVIEW,0017-8055,1943-5045,Harvard University,,,,
a64860db-db81-4c68-ae8d-5df97c1922e8,ACS COMBINATORIAL SCIENCE,2156-8952,2156-8944,American Chemical Society,,,,
bf86be46-0655-44cc-ab1f-d67906f3a432,PROFESIONAL DE LA INFORMACION,1386-6710,1699-2407,El Profesional de la Informacion,,,,
bfda7376-f17c-4798-986c-5c1c2db7a20b,JOURNAL OF ONCOLOGY PRACTICE,1554-7477,1935-469X,American Society of Clinical Oncology,,,,
c8f8efad-13bd-4c33-9554-b93d1a6eb340,JOURNAL OF ABNORMAL PSYCHOLOGY,0021-843X,1939-1846,American Psychological Association,,,,
c92d039b-1081-4823-b3d6-cbebfaa5f4a8,IBM JOURNAL OF RESEARCH AND DEVELOPMENT,0018-8646,2151-8556,IBM Corporation,,,,
034d8e77-1f0f-4446-9764-dd5c4635400a,FOOD TECHNOLOGY,0015-6639,0015-6639,Institute of Food Technologists,,,,
08c0f717-3e62-4703-9cbf-e8c61b6d6718,PHARMACOGNOSY MAGAZINE,0973-1296,0976-4062,Wolters Kluwer Medknow Publications,,,,
0a631d77-42d9-41a2-b9fa-438ff4774aec,AI COMMUNICATIONS,0921-7126,1875-8452,SAGE Publications Ltd,,,,
0e7a08cb-a7e0-402f-8a62-81d35e3dd65f,MINERVA CHIRURGICA,0026-4733,1827-1626,Edizioni Minerva Medica S.p.A.,,,,
1054e434-0b58-4adc-b4a8-ecbacd0bfd0d,PCI JOURNAL,0887-9672,0887-9672,Precast/Prestressed Concrete Institute,,,,
116144d8-39d8-4e85-a30e-59071ed0b5d9,JOURNAL OF RESEARCH OF THE NATIONAL INSTITUTE OF STANDARDS AND TECHNOLOGY,1044-677X,2165-7254,National Institute of Standards and Technology,,,,
125376e9-5fe1-4808-98c5-7e1771dbd907,PHYTON-ANNALES REI BOTANICAE,0079-2047,,Verlag Ferdinand Berger und Sohne GmbH,,,,
148a0f07-bb99-476f-974f-50876a0ac6aa,REVISTA BRASILEIRA DE ANESTESIOLOGIA,0034-7094,1806-907X,Elsevier Editora Ltda,,,,
1a02f426-4fca-4d00-a2a8-b5268e273232,TRACE ELEMENTS AND ELECTROLYTES,0946-2104,0946-2104,Dustri-Verlag Dr. Karl Feistle,,,,
1b225408-a373-4822-bd5e-2bec00c893d5,INTERNATIONAL JOURNAL OF HEALTH SERVICES,0020-7314,1541-4469,SAGE Publications Inc.,,,,
1ed6b554-19d3-44aa-9de9-b61c7666ac11,INDIAN JOURNAL OF BIOTECHNOLOGY,0972-5849,0975-0967,National Institute of Science Communication and Policy Research,,,,
240b2f91-6ab6-4203-be2f-32758b89145d,JOURNAL OF BIOBASED MATERIALS AND BIOENERGY,1556-6560,1556-6579,American Scientific Publishers,,,,
266b89ba-5b1a-4951-99ea-95f06e8ca269,NAUPLIUS,0104-6497,2358-2936,SOC BRASILEIRA CARCINOLOGIA,,,,
7510ab52-098e-42ea-ad82-8003229b004c,BMC FAMILY PRACTICE,,1471-2296,BioMed Central Ltd,,,,
7563966a-f32d-4bfd-b302-dd7433c00473,CURRENT EPIDEMIOLOGY REPORTS,,2196-2995,SPRINGER HEIDELBERG,,,,
764b5872-95cb-4127-a0d9-060e07d35c33,REVISTA DE PSIQUIATRIA Y SALUD MENTAL,1888-9891,1989-4600,"Ediciones Doyma, S.L.",,,,
77042eb3-0b1b-4e40-bb2a-29bf513cd7b5,CANCER & METABOLISM,,2049-3002,BMC,,,,
476a3310-f165-4700-a812-dec08e173511,CHEMICAL ENGINEERING PROGRESS,0360-7275,1945-0710,American Institute of Chemical Engineers,,,,
4dde65e0-9d2b-4e28-a29e-4a18b9a586cc,JOURNAL OF THE COPYRIGHT SOCIETY OF THE USA,0886-3520,,Copyright Society of the U.S.A.,,,,
50238da0-5b67-468b-9d54-be40dc76012f,OPHTHALMOLOGE,0941-293X,1433-0423,Springer Medizin,,,,
7aaff0d7-8b14-4ac2-ad28-89ed5bcf9987,LC GC EUROPE,1471-6577,1471-6577,Advanstar Communications Inc.,,,,
5c30c38b-39b0-4a1f-959d-d7b13407e932,MECHANISMS OF DEVELOPMENT,0925-4773,1872-6356,John Wiley & Sons Inc.,,,,
5d40d282-e830-4902-9af9-b5be18da5f01,ENDOCRINOLOGIA DIABETES Y NUTRICION,2530-0180,2530-0180,ELSEVIER,,,,
66fbd973-c51c-4d41-b87d-abc2e4d1c8b9,PHYSIOLOGICAL AND BIOCHEMICAL ZOOLOGY,1522-2152,1537-5293,University of Chicago Press,,,,
69a539d4-c6b2-401d-b5f0-05b366084b5d,JOURNAL OF PRIMARY PREVENTION,0278-095X,1573-6547,Springer,,,,
839ca475-7f76-4ca1-abed-2f78db886a66,ZEITSCHRIFTE FUR FAMILIENFORSCHUNG-JOURNAL OF FAMILY RESEARCH,1437-2940,2196-2154,Verlag Barbara Budrich,,,,
a79f3398-09fa-46e7-9449-4f2585a761a7,EARTH MOON AND PLANETS,0167-9295,1573-0794,Springer Science and Business Media B.V.,,,,
dff5bc9a-a40e-4dfd-86ba-0c4b6d0f793b,MINERVA BIOTECNOLOGICA,1120-4826,1827-160X,Edizioni Minerva Medica S.p.A.,,,,
dffc58cb-028c-41e2-ad1f-2fb1c7557a41,PHYTOPROTECTION,0031-9511,1710-1603,"Phytoprotection, IRDA",,,,
e19b6180-1ab1-4408-b1eb-a8895a12037b,HETEROCYCLES,0385-5414,1881-0942,Japan Institute of Heterocyclic Chemistry,,,,
e320e0a4-f0db-4745-a3f5-ea355fc83c8a,IRANIAN RED CRESCENT MEDICAL JOURNAL,2074-1804,2074-1812,ZamenPub,,,,
ef888e4a-8152-4601-8961-fcd99f79153a,JOURNAL OF THE ROYAL ARMY MEDICAL CORPS,0035-8665,2052-0468,BMJ Publishing Group,,,,
f6c6b439-6a06-4c74-aa49-1509d9a019c4,ELECTROCHEMISTRY,1344-3542,2186-2451,ELECTROCHEMICAL SOC JAPAN,,,,
f7466876-e079-4e12-826d-ddd9748120cb,ATLANTIC GEOLOGY,0843-5561,1718-7885,Atlantic Geoscience Society,,,,
f7a03d98-b1b9-4d47-bf50-7b2f42f03aa8,PACIFIC JOURNAL OF OPTIMIZATION,1348-9151,1348-9151,Yokohama Publications,,,,
f7ced82b-21b5-4689-ae6c-3b46d4a24e64,JOURNAL OF MICRO-NANOLITHOGRAPHY MEMS AND MOEMS,1932-5150,1932-5134,SPIE,,,,
fb88cbf2-5172-4484-aa60-f67fb76cd593,INTERACTIVE CARDIOVASCULAR AND THORACIC SURGERY,1569-9293,1569-9285,Oxford University Press,,,,
03a65c2c-f644-4982-94d4-5e4201f7f666,FRONTIERS OF MECHANICAL ENGINEERING,2095-0233,2095-0241,Higher Education Press Limited Company,,,,
067f0891-22e6-4e75-80ba-2dfa9a34270d,FRONTIERS-A JOURNAL OF WOMEN STUDIES,0160-9009,1536-0334,University of Nebraska Press,,,,
054815c9-ef29-4071-9c42-f05485e089bb,BANGLADESH JOURNAL OF PLANT TAXONOMY,1028-2092,2224-7297,Bangladesh Association of Plant Taxonomists (BAPT),,,,
105c1ec8-e41e-48e1-83c5-01a3df69d9dd,NETHERLANDS QUARTERLY OF HUMAN RIGHTS,0924-0519,2214-7357,South African Water Research Commission,,,,
105fca86-f42d-4906-a633-6d163ccefb8e,ALCOHOL RESEARCH-CURRENT REVIEWS,1535-7414,1930-0573,National Institute on Alcohol Abuse and Alcoholism (NIAAA),,,,
1097eaab-5295-4bd4-a287-2d0b102769ca,SCIENTIST,0890-3670,1547-0806,Scientist Inc.,,,,
11a551be-f051-4009-ae90-95ec8394e20c,ANNALES DE LIMNOLOGIE-INTERNATIONAL JOURNAL OF LIMNOLOGY,0003-4088,2100-000X,EDP Sciences,,,,
1a545199-b82b-4440-aed0-3bb1e66fbf2d,NJAS-WAGENINGEN JOURNAL OF LIFE SCIENCES,1573-5214,2212-1307,Taylor and Francis Ltd.,,,,
1c11ef9d-0f52-4502-b187-dcb15f85a172,JOURNAL OF NATURAL GAS SCIENCE AND ENGINEERING,1875-5100,2212-3865,Elsevier B.V.,,,,
1f1f8d7e-7615-42ac-91f8-900cc7a89431,OIL & GAS SCIENCE AND TECHNOLOGY-REVUE D IFP ENERGIES NOUVELLES,1294-4475,1953-8189,Editions Technip,,,,
1f6607fc-300e-4dd5-9b40-199baacfffda,WOOD AND FIBER SCIENCE,0735-6161,0735-6161,Society of Wood Science and Technology,,,,
2420e684-3eaf-4abf-8253-057943e968fc,ELECTRONIC RESEARCH ANNOUNCEMENTS IN MATHEMATICAL SCIENCES,,1935-9179,American Mathematical Society,,,,
247775f5-b318-4925-9ca7-9313a69ee200,REVIEWS OF PHYSIOLOGY BIOCHEMISTRY AND PHARMACOLOGY,0303-4240,,Springer Science and Business Media Deutschland GmbH,,,,
257842e2-5146-443a-92c8-b103a7357513,BIOLOGY OF BLOOD AND MARROW TRANSPLANTATION,1083-8791,1523-6536,Elsevier Inc.,,,,
280d6795-0028-49ff-8106-e2a8989ef0ab,AMERICAN JOURNAL OF PHYSICAL ANTHROPOLOGY,0002-9483,1096-8644,John Wiley and Sons Inc,,,,
3c13f97b-de69-4eac-b985-870590ef258b,ADVANCES IN LIFE COURSE RESEARCH,1040-2608,1040-2608,ELSEVIER SCI LTD,,,,
0126191b-27d8-4009-9e90-13494ceb7614,WORLD JOURNAL OF DIABETES,,1948-9358,BAISHIDENG PUBLISHING GROUP INC,,,,
029582e5-6539-47ac-bad3-0ce3a4f86cd5,DRUGS OF TODAY,1699-3993,1699-4019,Clarivate,,,,
02db07e0-10c5-4965-b2f3-de7edbae8de9,SUBSTANCE ABUSE,0889-7077,1547-0164,SAGE Publications Ltd,,,,
1347f9e6-7323-4db8-9bb1-5fa8698a1b85,JOURNAL OF ALTERNATIVE AND COMPLEMENTARY MEDICINE,1075-5535,1557-7708,Mary Ann Liebert Inc.,,,,
13b19052-8652-43f8-a34d-51f6ed6afa8d,MONTHLY LABOR REVIEW,0098-1818,1937-4658,US Bureau of Labor Statistics,,,,
1405e5d1-2422-4e0b-adb2-d53c312ddde2,POPULATION,0032-4663,1957-7966,INST NATL D ETUDES DEMOGRAPHIQUES,,,,
1542d95d-4705-4ec1-9373-b9061bf8b6c8,WORLD JOURNAL OF PSYCHIATRY,2220-3206,2220-3206,BAISHIDENG PUBLISHING GROUP INC,,,,
15775f70-d43d-4d47-a674-446b61f3b796,ICHTHYOLOGICAL EXPLORATION OF FRESHWATERS,0936-9902,,Pfeil Verlag,,,,
1314c742-24dd-41d7-ae02-47864a8166f5,AUSTRIAN JOURNAL OF FOREST SCIENCE,0379-5292,0375-524X,OSTERREICHISCHER AGRARVERLAG,,,,
28ce427b-b800-4af7-9462-73b0e812a6df,ALCOHOLISM-CLINICAL AND EXPERIMENTAL RESEARCH,0145-6008,1530-0277,John Wiley and Sons Inc,,,,
298ba625-ab32-4f86-92f0-651a24914fa0,BIOTECHNOLOGY FOR BIOFUELS,,1754-6834,BioMed Central Ltd,,,,
2b7e693a-4d71-473a-a819-5c0993431a2c,PEDIATRIC DENTISTRY,0164-1263,1942-5473,American Academy of Pediatric Dentistry,,,,
2cd4eed8-1795-473a-b024-e8faa759af79,KOREAN JOURNAL OF PARASITOLOGY,0023-4001,1738-0006,Korean Journal of Parasitology,,,,
2dea1b4c-ae6f-4250-acb8-514a9337579b,PSYCHE-ZEITSCHRIFT FUR PSYCHOANALYSE UND IHRE ANWENDUNGEN,0033-2623,,Verlag Klett-Cotta,,,,
367785c0-5e94-49c7-b2e2-ea7bbb97d8b3,JOURNAL OF ABNORMAL CHILD PSYCHOLOGY,0091-0627,1573-2835,Springer,,,,
36ddc71c-54b5-4497-a91f-a13b397f1b1f,TRANSACTIONS OF THE ASABE,2151-0032,2151-0040,American Society of Agricultural and Biological Engineers,,,,
37c5d679-3963-44e5-8317-30727b480c59,FRONTIERS OF STRUCTURAL AND CIVIL ENGINEERING,2095-2430,2095-2449,Higher Education Press Limited Company,,,,
38df5a87-3185-4e19-8f09-1d23878eb92b,INTERNATIONAL JOURNAL OF GENERAL MEDICINE,,1178-7074,Dove Medical Press Ltd,,,,
397e6112-c255-4e59-b86a-46afd2751733,JOURNAL OF POLYMER SCIENCE PART B-POLYMER PHYSICS,0887-6266,1099-0488,John Wiley & Sons Inc.,,,,
3a7fe867-aed4-44b2-9bf0-b9c02e7bf15c,INTERNATIONAL JOURNAL OF TRANSGENDERISM,1553-2739,1434-4599,Routledge,,,,
3dffa0d2-d742-401d-a30b-6efa45cf4632,BUSINESS ETHICS-A EUROPEAN REVIEW,0962-8770,1467-8608,John Wiley and Sons Inc,,,,
3eb50b10-8368-4544-822e-4e124fc64bc1,GIORNALE ITALIANO DI DERMATOLOGIA E VENEREOLOGIA,0392-0488,1827-1820,Edizioni Minerva Medica S.p.A.,,,,
3ef6210d-8919-44c2-8031-761a16028ed2,MEDICC REVIEW,1555-7960,,MEDICC Medical Education Cooperation with Cuba,,,,
4357ac2d-178c-4917-abb5-918e81903ca5,WILEY INTERDISCIPLINARY REVIEWS-SYSTEMS BIOLOGY AND MEDICINE,1939-5094,1939-005X,John Wiley and Sons Inc,,,,
44aa0a66-1e06-44cd-9bd6-b0b6cc4856ec,CIENCIA E INVESTIGACION AGRARIA,0718-1620,0718-1620,"Pontificia Universidad Catolica de Chile, Facultad de Agronomia e Ingenieria Forestal",,,,
4856a893-e1e5-4c53-b023-b1b8050d3a90,ADVANCES IN CHROMATOGRAPHY,0065-2415,2153-991X,Marcel Dekker Inc.,,,,
49c00896-a34c-40a4-b587-8e7ec12af7e1,AMERICAN JOURNAL OF CANCER RESEARCH,2156-6976,2156-6976,E-Century Publishing Corporation,,,,
49d9ac92-be7c-4e64-ba16-6ec6b4ba4f28,PSYCHOSOMATICS,0033-3182,1545-7206,American Psychiatric Publishing Inc.,,,,
4cbdcea3-1c56-40ee-b74e-fd00bc1de5f5,DISCOVERY MEDICINE,1539-6509,1944-7930,"Solariz, Inc.",,,,
4d45ce2a-2c77-4856-b026-a8a92d59eae6,JOURNAL OF HEAT TRANSFER-TRANSACTIONS OF THE ASME,0022-1481,1528-8943,American Society of Mechanical Engineers (ASME),,,,
52934304-e0e0-443c-be3d-aede1974af12,HERITAGE SCIENCE,2050-7445,2050-7445,Springer Science and Business Media Deutschland GmbH,,,,
54e87f0f-41a9-4ac1-a524-c3b7227f3ddb,DISEASE MARKERS,0278-0240,1875-8630,Hindawi Limited,,,,
551ee7da-5282-4c7f-9d6b-1fab47fabcba,REVIEWS IN COMPUTATIONAL CHEMISTRY,1069-3599,,John Wiley and Sons Inc,,,,
56c706b9-3337-4275-94ff-d62c73820e57,FOLIA ZOOLOGICA,0139-7893,1573-1189,Academy of Sciences of the Czech Republic,,,,
56d489b8-bed0-4f89-8377-80109d5050e5,BMC COMPLEMENTARY AND ALTERNATIVE MEDICINE,,1472-6882,BioMed Central Ltd,,,,
5808f13a-9561-4822-99b8-d5f2cfb0a5f6,ZEITSCHRIFT FUR WIRTSCHAFTSGEOGRAPHIE,0044-3751,2365-7693,De Gruyter Open Ltd,,,,
5991501d-b900-41c4-96e0-dcbcf2d3b1cd,DIGITAL INVESTIGATION,1742-2876,1873-202X,Elsevier Ltd,,,,
5b05465f-aaac-45e7-b89e-dbb886e2c933,GEOLOGICAL SURVEY OF DENMARK AND GREENLAND BULLETIN,1604-8156,1904-4666,GEUS - Geological Survey of Denmark and Greenland,,,,
5c10b7dd-f5e1-4a4a-9838-251c80d35a56,MOLECULAR THERAPY-ONCOLYTICS,2372-7705,2372-7705,Cell Press,,,,
5ddc9d4f-e343-4f58-a828-2ec28dca9533,POLITICS GROUPS AND IDENTITIES,2156-5503,2156-5511,"ROUTLEDGE JOURNALS, TAYLOR & FRANCIS LTD",,,,
5e4c1735-1a2f-4cd2-b0af-956605237497,TWMS JOURNAL OF PURE AND APPLIED MATHEMATICS,2076-2585,2219-1259,INST APPLIED MATHEMATICS,,,,
5e4cb777-bee2-4a76-bed3-b999676d4b5d,HASTINGS LAW JOURNAL,0017-8322,0017-8322,"University of California, Hastings College of the Law",,,,
6bee194a-7345-4f78-ac32-614ed112110e,JOURNAL OF CHEMICAL NEUROANATOMY,0891-0618,1873-6300,Elsevier B.V.,,,,
6e928f24-af4e-447f-8508-7f14df16d5c2,CURRENT PROBLEMS IN CARDIOLOGY,0146-2806,1535-6280,Elsevier Inc.,,,,
6f173020-cecf-49c6-ad30-238bf9d0f04b,JOURNAL OF BIOMEDICAL NANOTECHNOLOGY,1550-7033,1550-7041,American Scientific Publishers,,,,
7291886e-a7b2-4a06-aec8-7c1ddfafdca8,ADVANCEMENTS OF MICROBIOLOGY,0079-4252,2545-3149,Sciendo,,,,
729dc729-f1a4-4e8e-8037-a35eca53f55e,AUSTRALIAN ECONOMIC HISTORY REVIEW,0004-8992,1467-8446,Wiley-Blackwell Publishing Ltd,,,,
7808d5a0-c413-4ba8-85ac-818658bfbeb7,ILAR JOURNAL,1084-2020,1930-6180,Oxford University Press,,,,
7a24d290-4fa7-48eb-8f56-dd11cb16d30a,FRONTIERS OF MATHEMATICS IN CHINA,1673-3452,1673-3576,Higher Education Press Limited Company,,,,
7c57c910-df10-42e7-9b32-6dae0a7ff690,SYNTAX AND SEMANTICS,0092-4563,,Brill Academic Publishers,,,,
74edca31-0bd4-4eb5-b196-08bcd4ff8737,BMC MEDICAL GENETICS,,1471-2350,BioMed Central Ltd,,,,
74ee61ef-2642-4a13-a3cf-824111af1479,ACTA REUMATOLOGICA PORTUGUESA,0303-464X,0303-464X,Sociedade Portuguesa de Reumatologia,,,,
7a9e08e6-7f5f-4e31-88a8-605266a963e5,ANALYTICAL AND QUANTITATIVE CYTOPATHOLOGY AND HISTOPATHOLOGY,0884-6812,,Science Printers and Publishers Inc.,,,,
802f93a2-f33e-463d-adba-87752e4af619,HELGOLAND MARINE RESEARCH,1438-387X,1438-3888,BioMed Central Ltd,,,,
8037e1c1-fb5d-4b9b-9504-b16e14e609ec,AMERICAN JOURNAL OF TRANSLATIONAL RESEARCH,1943-8141,1943-8141,E-Century Publishing Corporation,,,,
815b21dc-8990-4a66-aebf-accf57065bc8,FOUNDATIONS OF CHEMISTRY,1386-4238,1572-8463,Springer Netherlands,,,,
8169f349-f571-4e28-8a44-159f84a22fb2,INTERNATIONAL JOURNAL OF EVIDENCE-BASED HEALTHCARE,,1744-1609,Lippincott Williams and Wilkins,,,,
8309828d-3ce7-44a9-8b4c-330f93050d18,JOURNAL OF WATER REUSE AND DESALINATION,2220-1319,2220-1319,IWA Publishing,,,,
82c11ae9-1792-49df-ad6a-84d3689b9563,ALPHA PSYCHIATRY (PREVIOUSLY KNOWN AS ANADOLU PSIKIYATRI DERGISI-ANATOLIAN JOURNAL OF PSYCHIATRY),0NO -DATA,2757-8038,CUMHURIYET UNIV TIP FAK PSIKIYATRI ANABILIM DALI,,,,
849d7277-2742-40e4-9f7d-95eaddf65610,AMERICAN BANKRUPTCY LAW JOURNAL,0027-9048,,National Conference of Bankruptcy Judges,,,,
8ab1d042-edac-4934-af5e-97ab27579ac6,JOURNAL OF THEORETICAL & COMPUTATIONAL CHEMISTRY,0219-6336,1793-6888,World Scientific,,,,
8ad8529e-45f2-4d2b-937e-2fb6ebd27fff,RESEARCH IN AUTISM SPECTRUM DISORDERS,1750-9467,1878-0237,Elsevier Ltd,,,,
8b88881f-a23e-465a-b605-442e0273e823,AATCC REVIEW,1532-8813,1532-8813,American Association of Textile Chemists and Colorists,,,,
954a31fe-d206-4e37-a74f-763b221cdc81,DATA BASE FOR ADVANCES IN INFORMATION SYSTEMS,0095-0033,,ASSOC COMPUTING MACHINERY,,,,
956b3cc9-5f49-4f99-b370-7585e5065a27,HUMAN-WILDLIFE INTERACTIONS,1934-4392,1936-8046,JACK H BERRYMAN INST,,,,
965dac2c-88cc-4007-8782-76f00dd47d3e,HEPATOBILIARY SURGERY AND NUTRITION,2304-3881,2304-389X,AME PUBLISHING COMPANY,,,,
97247413-a60c-403c-b9a0-08868ee7dc30,DIFFERENTIAL EQUATIONS,0012-2661,1608-3083,PLEIADES PUBLISHING INC,,,,
9cef5268-5296-423c-9e5a-1a53558247f5,ADVANCES IN DIFFERENCE EQUATIONS,1687-1847,1687-1847,Springer Publishing Company,,,,
9e57547e-006d-4e4e-88b9-f3f12ce81c80,BMC EVOLUTIONARY BIOLOGY,1471-2148,1471-2148,BioMed Central Ltd,,,,
ae769690-ac2b-4d39-999b-2f4c116d5273,IEEE-ACM TRANSACTIONS ON COMPUTATIONAL BIOLOGY AND BIOINFORMATICS,1545-5963,1557-9964,Institute of Electrical and Electronics Engineers Inc.,,,,
aee488ff-de3a-4618-bd39-7f75197a6680,ANNALES ACADEMIAE SCIENTIARUM FENNICAE-MATHEMATICA,1239-629X,1798-2383,Academia Scientiarum Fennica,,,,
b177834a-018f-4452-b37b-3ce4f9a4110c,NEURAL DEVELOPMENT,,1749-8104,BioMed Central Ltd,,,,
b2c4119e-21fc-475c-83a6-10d79c2805b5,JOURNAL OF HIP PRESERVATION SURGERY,2054-8397,2054-8397,OXFORD UNIV PRESS,,,,
b34ac351-65d8-4038-9980-b26f575073e8,JOURNAL ON ADVANCES IN SIGNAL PROCESSING (FORMERLY KNOWN AS : EURASIP JOURNAL ON ADVANCES IN SIGNAL PROCESSING ),1687-6180,1687-6180,Springer Science and Business Media Deutschland GmbH,,,,
b44b91e4-d3d6-45cb-a18a-af7de51909eb,NATION,0027-8378,0027-8378,The Nation Company,,,,
b8d17c17-994d-4409-a1ac-78abb997556a,PERIOPERATIVE MEDICINE,,2047-0525,BMC,,,,
b7ade471-31eb-43d7-bef2-8c218a472ef6,ADVANCED COMPOSITES LETTERS,0963-6935,2633-366X,SAGE Publications Ltd,,,,
bfc5b649-c471-4271-b3b6-f1ed67067a08,ATHEROSCLEROSIS SUPPLEMENTS,1567-5688,1878-5050,Elsevier Ireland Ltd,,,,
c0ea5956-46ee-420d-b6bc-47876b2639b7,EUROPEAN UROLOGY SUPPLEMENTS,1569-9056,1878-1500,Elsevier,,,,
c1d036e3-d457-4f5d-ad0e-7228c6d0d1f4,BMC BIOCHEMISTRY,1471-2091,1471-2091,BioMed Central Ltd,,,,
c2d715d5-ccd9-465f-99f7-98ceb2ea8614,NPJ SCHIZOPHRENIA,,2334-265X,SPRINGER NATURE,,,,
c2f37cd7-b738-4ca9-9375-9cc09a6613e3,TRAITEMENT DU SIGNAL,0765-0019,1958-5608,International Information and Engineering Technology Association,,,,
c341a759-bf6f-4846-9445-4c09fd5f6998,BOSNIAN JOURNAL OF BASIC MEDICAL SCIENCES,1512-8601,1840-4812,Association of Basic Medical Sciences Federation of Bosnia and Herzegovina,,,,
c438f893-189a-491c-b416-0b89d90cade3,BMC ECOLOGY,,1472-6785,BioMed Central Ltd,,,,
c4b2d406-959e-43fe-bec4-4fe30d71ef05,BOLLETTINO DI GEOFISICA TEORICA ED APPLICATA,0006-6729,2239-5695,Istituto Nazionale di Oceanografia e di Geofisica Sperimentale,,,,
cb3f5935-74e6-4594-a93d-b5b03b0aa803,GEODINAMICA ACTA,0985-3111,1778-3593,Taylor and Francis Ltd.,,,,
cef0d8f1-7f91-4e8f-8176-94a44883d463,MEDCHEMCOMM,2040-2503,2040-2511,Royal Society of Chemistry,,,,
d076a4a3-349d-40b7-9ead-4ea30977e79b,COMPUTER LAW & SECURITY REVIEW,0267-3649,0267-3649,ELSEVIER ADVANCED TECHNOLOGY,,,,
d1fe3e92-de47-4cc4-ac35-369ebc7edab9,HORMONES & CANCER,1868-8497,1868-8500,Springer,,,,
d2b0a0da-80f2-4462-9214-be3f66d8f4e3,NEFROLOGIA,0211-6995,1989-2284,SOC ESPANOLA NEFROLOGIA DR RAFAEL MATESANZ,,,,
d7bd4441-89df-4443-bef0-87a7c68d8ee4,BMC GENETICS,1471-2156,1471-2156,BioMed Central Ltd,,,,
d52619e1-249e-40fa-a176-2a2a282bd570,BOTANICA SERBICA,1821-2158,1821-2638,"Institute of Botany and Botanical Garden ""Jevremovac"", University of Belgrade",,,,
d8000460-c173-48fe-ac75-ffc74507bf46,INTERNATIONAL PERSPECTIVES ON SEXUAL AND REPRODUCTIVE HEALTH,1944-0391,1944-0405,Alan Guttmacher Institute,,,,
d9b45c39-bfdd-46cc-adc5-d041f39e6c06,JOURNAL OF SUBSTANCE ABUSE TREATMENT,0740-5472,1873-6483,Elsevier Inc.,,,,
def8a10b-5aaa-4967-9a58-b2a60d473ef2,MEDECINE ET MALADIES INFECTIEUSES,0399-077X,1769-6690,Elsevier Masson s.r.l.,,,,
e2c62570-a486-45ef-8fcb-4a900c69c600,BMC INTERNATIONAL HEALTH AND HUMAN RIGHTS,,1472-698X,BioMed Central Ltd,,,,
e52bb54f-abab-4078-9d08-40e0bc952c27,COPEIA,0045-8511,1938-5110,American Society of Ichthyologists and Herpetologists,,,,
e5d17e1f-5f6c-4ae8-ae0e-32ec86e2167a,WORLD JOURNAL OF GASTROINTESTINAL SURGERY,1948-9366,1948-9366,BAISHIDENG PUBLISHING GROUP INC,,,,
237cfadc-0eb6-4795-8fd4-115ad91f6587,CONGENITAL ANOMALIES,0914-3505,1741-4520,John Wiley and Sons Inc,,,,
e75b97ae-b265-45e5-a315-d1e2cc581984,BERICHTE UBER LANDWIRTSCHAFT,2196-5099,,BUNDESMINISTERIUM ERNAHRUNG LANDWIRTSCHAFT,,,,
e8952bf2-36c6-4896-bdab-87e5ce9bccb3,JOURNAL OF POLYMER SCIENCE PART A-POLYMER CHEMISTRY,0887-624X,1099-0518,John Wiley & Sons Inc.,,,,
ea61bdd1-280c-4f5b-b925-59c98d29dcc7,FRONTIERS OF ENVIRONMENTAL SCIENCE & ENGINEERING,2095-2201,2095-221X,Higher Education Press Limited Company,,,,
ea781d07-b2b9-4e26-8ca9-e40b68937813,ASSEMBLY AUTOMATION,0144-5154,1758-4078,Emerald Group Publishing Ltd.,,,,
ecf3a952-0c28-415d-86ff-7c470024db25,ACTA ZOOLOGICA ACADEMIAE SCIENTIARUM HUNGARICAE,1217-8837,,Hungarian Natural History Museum,,,,
ecfbd56f-7e86-40a7-aa0d-2852eff88662,EURASIP JOURNAL ON WIRELESS COMMUNICATIONS AND NETWORKING,1687-1472,1687-1499,Springer Science and Business Media Deutschland GmbH,,,,
ee202597-ada6-47fe-ac9a-cf72bc440263,ADVANCES IN CHRONIC KIDNEY DISEASE,1548-5595,1548-5609,W.B. Saunders,,,,
174128d8-739a-4f28-8b52-0d54d2fb0a9e,JOURNAL OF THE HISTORY OF SEXUALITY,1043-4070,1535-3605,University of Chicago,,,,
34f5f814-4bc6-4ffd-9548-d3eae01f8ed4,PROCEEDINGS OF THE BIOLOGICAL SOCIETY OF WASHINGTON,0006-324X,1943-6327,Biological Society of Washington,,,,
35442d48-4fad-4fe5-82df-29ba9199c8d3,JOURNAL OF POLYMER MATERIALS,0973-8622,,PRINTS PUBLICATIONS PVT LTD,,,,
35a48b0c-1759-444a-a47a-5ca2a5bb3a2a,ECONOMICS OF TRANSITION,0967-0750,1468-0351,Wiley-Blackwell Publishing Ltd,,,,
35c6cda7-459f-476f-b8d6-19219436d06e,CALIFORNIA FISH AND GAME,0008-1078,2331-0405,Department of Fish and Game,,,,
3781f3a1-3218-402a-b7f0-f0e41aef9460,PROGRES EN UROLOGIE,1166-7087,2405-5131,Elsevier Masson s.r.l.,,,,
cf16105d-2d0a-4e28-b409-da6f02dbdf90,REVISTA ROMANA DE MEDICINA DE LABORATOR,1841-6624,2284-5623,Sciendo,,,,
d179476c-bc08-49da-9d39-b0e86acde6d5,JOURNAL OF GREY SYSTEM,0957-3720,,Research Information Ltd,,,,
d6b30528-a2bf-428a-a072-186c80444973,UNFALLCHIRURG,0177-5537,1433-044X,Springer Medizin,,,,
d7201ab4-0fe6-4f35-a887-5d7d0866dd8c,SOIL SCIENCE,0038-075X,1538-9243,Lippincott Williams and Wilkins Ltd.,,,,
86b264d8-62c9-4216-a3b5-3a5f58ca81ca,TEKNIK DERGI,1300-3453,1300-3453,Turkish Chamber of Civil Engineers,,,,
886d165a-8948-4863-b512-bc3b0b7d46d9,J-FOR-JOURNAL OF SCIENCE & TECHNOLOGY FOR FOREST PRODUCTS AND PROCESSES,1927-6311,1927-632X,Pulp and Paper Technical Association of Canada (PAPTAC),,,,
8c98571b-b93f-444f-9bc5-5875fe0fff5c,SOMATOSENSORY AND MOTOR RESEARCH,0899-0220,1369-1651,Taylor and Francis Ltd.,,,,
9132bef5-e92e-4afc-9ca3-af87c8084e5a,INTERNIST,0020-9554,1432-1289,Springer Medizin,,,,
95662545-b2ba-4a82-abc0-76a55f7054ef,CELLULAR AND MOLECULAR BIOLOGY,0145-5680,1165-158X,Cellular and Molecular Biology Association,,,,
9623e4b4-694a-4759-8c1b-df38ad930e23,UROLOGE,0340-2592,1433-0563,Springer Medizin,,,,
99334a50-4dac-4b2d-a116-be53aa5908eb,REVUE D EPIDEMIOLOGIE ET DE SANTE PUBLIQUE,0398-7620,1773-0627,Elsevier Masson s.r.l.,,,,
9ba6c704-a18c-42e8-98ec-d4cabe4424c8,CARIBBEAN JOURNAL OF SCIENCE,0008-6452,0008-6452,University of Puerto Rico Medical Sciences Campus,,,,
9c609997-5dff-4c5f-8533-6bf34a327b50,INTERNATIONAL JOURNAL OF PHARMACOLOGY,1811-7775,1812-5700,Asian Network for Scientific Information,,,,
